41008068,http://searchwell.l3s.uni-hannover.de/?uid=41008068,"2017-07-25 18:56:32.0",http://gadirajuweb.l3s.uni-hannover.de/SearchWell/ARWar/arwar_task.php?userID=41008068,356225,18157,0
39033631,http://searchwell.l3s.uni-hannover.de/?uid=39033631,"2017-07-25 18:19:01.0",http://gadirajuweb.l3s.uni-hannover.de/SearchWell/ARWar/arwar_task.php?userID=39033631,47997,3309,0
39033631,http://searchwell.l3s.uni-hannover.de/en/search.jsf?query= American Revolutionary War,"2017-07-25 18:19:54.0",http://searchwell.l3s.uni-hannover.de/?uid=39033631,0,0,1
39033631,http://searchwell.l3s.uni-hannover.de/en/search.jsf?query= American Revolutionary War,"2017-07-25 18:19:55.0",http://searchwell.l3s.uni-hannover.de/en/search.jsf?query= American Revolutionary War,172538,32120,0
39033631,http://en.wikipedia.org.secure.waps.io/wiki/American_Revolutionary_War,"2017-07-25 18:21:46.0",http://searchwell.l3s.uni-hannover.de/en/search.jsf?query= American Revolutionary War,31409,14855,0
39033631,http://es.wikipedia.org.secure.waps.io/wiki/American_Revolutionary_War,"2017-07-25 18:22:36.0",,7383,0,1
39033631,http://searchwell.l3s.uni-hannover.de/en/search.jsf?query= American Revolutionary War espa%C3%B1ol,"2017-07-25 18:22:51.0",http://searchwell.l3s.uni-hannover.de/en/search.jsf?query= American Revolutionary War,847698,15347,0
39033631,http://en.wikipedia.org.secure.waps.io/wiki/American_Revolutionary_War,"2017-07-25 18:23:22.0",http://searchwell.l3s.uni-hannover.de/en/search.jsf?query= American Revolutionary War espa%C3%B1ol,98611,30754,0
39033631,http://es.wikipedia.org.secure.waps.io/wiki/Guerra_de_Independencia_de_los_Estados_Unidos,"2017-07-25 18:25:18.0",http://en.wikipedia.org.secure.waps.io/,528887,38788,1
39764508,http://searchwell.l3s.uni-hannover.de/?uid=39764508,"2017-07-25 18:26:08.0",http://gadirajuweb.l3s.uni-hannover.de/SearchWell/ARWar/arwar_task.php?userID=39764508,47514,21601,0
39764508,http://searchwell.l3s.uni-hannover.de/en/search.jsf?query=sintomas causas y prevencion del mal de altura,"2017-07-25 18:26:57.0",http://searchwell.l3s.uni-hannover.de/?uid=39764508,1477,1449,0
39764508,http://searchwell.l3s.uni-hannover.de/en/search.jsf?query=sintomas causas y prevencion del mal de altura,"2017-07-25 18:27:00.0",http://searchwell.l3s.uni-hannover.de/en/search.jsf?query=sintomas causas y prevencion del mal de altura,316067,4850,0
39764508,http://infotratamiento.com.secure.waps.io/consejos-salud/mal-de-altura/,"2017-07-25 18:27:06.0",http://searchwell.l3s.uni-hannover.de/en/search.jsf?query=sintomas causas y prevencion del mal de altura,359113,132731,1
39764508,http://searchwell.l3s.uni-hannover.de/?uid=39764508,"2017-07-25 18:30:55.0",http://gadirajuweb.l3s.uni-hannover.de/SearchWell/ARWar/arwar_task.php?userID=39764508,1275,0,0
39764508,http://searchwell.l3s.uni-hannover.de/en/search.jsf?query=La guerra revolucionaria americana tambi%C3%A9n se conoce como %22guerra americana de la libertad,"2017-07-25 18:32:18.0",http://searchwell.l3s.uni-hannover.de/en/search.jsf?query=sintomas causas y prevencion del mal de altura,45735,14798,0
39001000,http://searchwell.l3s.uni-hannover.de/?uid=39001000,"2017-07-25 18:15:40.0",http://gadirajuweb.l3s.uni-hannover.de/SearchWell/ARWar/arwar_task.php?userID=39001000,71065,7871,0
39001000,http://searchwell.l3s.uni-hannover.de/en/search.jsf?query=war,"2017-07-25 18:16:59.0",http://searchwell.l3s.uni-hannover.de/?uid=39001000,15612,2252,0
39378680,http://searchwell.l3s.uni-hannover.de/?uid=39378680,"2017-07-25 20:10:21.0",http://gadirajuweb.l3s.uni-hannover.de/SearchWell/ARWar/arwar_task.php?userID=39378680,7593,2786,0
39378680,http://searchwell.l3s.uni-hannover.de/en/search.jsf?query=symptoms%2C causes and prevention of altitude sickness,"2017-07-25 20:10:29.0",http://searchwell.l3s.uni-hannover.de/?uid=39378680,50090,27126,0
39378680,http://searchwell.l3s.uni-hannover.de/en/search.jsf?query=American War ,"2017-07-25 20:11:21.0",http://searchwell.l3s.uni-hannover.de/en/search.jsf?query=symptoms%2C causes and prevention of altitude sickness,9032,3955,0
39378680,http://www.healthline.com.waps.io/health/altitude-sickness,"2017-07-25 20:11:23.0",http://searchwell.l3s.uni-hannover.de/en/search.jsf?query=symptoms%2C causes and prevention of altitude sickness,501745,13815,1
39378680,http://en.wikipedia.org.secure.waps.io/wiki/American_Revolutionary_War,"2017-07-25 20:11:34.0",http://searchwell.l3s.uni-hannover.de/en/search.jsf?query=American War ,608611,201683,0
39378680,http://searchwell.l3s.uni-hannover.de/?uid=39378680,"2017-07-25 20:11:53.0",http://gadirajuweb.l3s.uni-hannover.de/SearchWell/ARWar/arwar_task.php?userID=39378680,646223,0,0
39378680,http://en.wikipedia.org.secure.waps.io/wiki/Thirteen_Colonies,"2017-07-25 20:16:24.0",http://en.wikipedia.org.secure.waps.io/wiki/American_Revolutionary_War,14377,8493,0
43703523,http://searchwell.l3s.uni-hannover.de/?uid=43703523,"2017-07-25 18:13:44.0",http://gadirajuweb.l3s.uni-hannover.de/SearchWell/ARWar/arwar_task.php?userID=43703523,10871,9006,0
43703523,http://searchwell.l3s.uni-hannover.de/en/search.jsf?query=american war,"2017-07-25 18:14:49.0",http://searchwell.l3s.uni-hannover.de/?uid=43703523,381642,10041,0
43703523,http://en.wikipedia.org.secure.waps.io/wiki/American_Revolutionary_War,"2017-07-25 18:15:02.0",http://searchwell.l3s.uni-hannover.de/en/search.jsf?query=american war,370191,9705,0
43222726,http://searchwell.l3s.uni-hannover.de/?uid=43222726,"2017-07-25 20:41:31.0",http://gadirajuweb.l3s.uni-hannover.de/SearchWell/ARWar/arwar_task.php?userID=43222726,70926,4127,0
43222726,http://searchwell.l3s.uni-hannover.de/en/search.jsf?query= %D0%B0%D0%BC%D0%B5%D1%80%D0%B8%D0%BA%D0%B0%D0%BD%D1%81%D0%BA%D0%BE%D0%B9 %D0%B2%D0%BE%D0%B9%D0%BD%D0%B5,"2017-07-25 20:42:46.0",http://searchwell.l3s.uni-hannover.de/?uid=43222726,22724,21885,0
43222726,http://searchwell.l3s.uni-hannover.de/en/search.jsf?query= %D0%B0%D0%BC%D0%B5%D1%80%D0%B8%D0%BA%D0%B0%D0%BD%D1%81%D0%BA%D0%BE%D0%B9 %D0%B2%D0%BE%D0%B9%D0%BD%D0%B5 %D0%93%D0%A0%D0%90%D0%96%D0%94%D0%90%D0%9D%D0%A1%D0%9A%D0%90%D0%AF,"2017-07-25 20:43:11.0",http://searchwell.l3s.uni-hannover.de/en/search.jsf?query= %D0%B0%D0%BC%D0%B5%D1%80%D0%B8%D0%BA%D0%B0%D0%BD%D1%81%D0%BA%D0%BE%D0%B9 %D0%B2%D0%BE%D0%B9%D0%BD%D0%B5,6841,6099,0
43222726,http://ru.wikipedia.org.secure.waps.io/wiki/%D0%93%D1%80%D0%B0%D0%B6%D0%B4%D0%B0%D0%BD%D1%81%D0%BA%D0%B0%D1%8F_%D0%B2%D0%BE%D0%B9%D0%BD%D0%B0_%D0%B2_%D0%A1%D0%A8%D0%90,"2017-07-25 20:43:19.0",http://searchwell.l3s.uni-hannover.de/en/search.jsf?query= %D0%B0%D0%BC%D0%B5%D1%80%D0%B8%D0%BA%D0%B0%D0%BD%D1%81%D0%BA%D0%BE%D0%B9 %D0%B2%D0%BE%D0%B9%D0%BD%D0%B5 %D0%93%D0%A0%D0%90%D0%96%D0%94%D0%90%D0%9D%D0%A1%D0%9A%D0%90%D0%AF,526854,92154,1
43222726,http://searchwell.l3s.uni-hannover.de/?uid=43222726,"2017-07-25 20:45:41.0",http://gadirajuweb.l3s.uni-hannover.de/SearchWell/ARWar/arwar_task.php?userID=43222726,3727,0,0
42262643,http://searchwell.l3s.uni-hannover.de/?uid=42262643,"2017-07-25 18:48:24.0",http://gadirajuweb.l3s.uni-hannover.de/SearchWell/ARWar/arwar_task.php?userID=42262643,29011,4803,0
42262643,http://searchwell.l3s.uni-hannover.de/en/search.jsf?query=American Revolutionary War,"2017-07-25 18:48:52.0",http://searchwell.l3s.uni-hannover.de/?uid=42262643,484469,1737,0
42262643,http://en.wikipedia.org.secure.waps.io/wiki/American_Revolutionary_War,"2017-07-25 18:49:16.0",http://searchwell.l3s.uni-hannover.de/en/search.jsf?query=American Revolutionary War,461768,118417,0
36377397,http://searchwell.l3s.uni-hannover.de/?uid=36377397,"2017-07-25 18:46:09.0",http://gadirajuweb.l3s.uni-hannover.de/SearchWell/ARWar/arwar_task.php?userID=36377397,41400,4071,0
36377397,http://searchwell.l3s.uni-hannover.de/en/search.jsf?query=American Revolutionary War,"2017-07-25 18:46:50.0",http://searchwell.l3s.uni-hannover.de/?uid=36377397,671697,26448,0
36377397,http://en.wikipedia.org.secure.waps.io/wiki/American_Revolutionary_War,"2017-07-25 18:46:59.0",http://searchwell.l3s.uni-hannover.de/en/search.jsf?query=American Revolutionary War,468597,97711,1
36377397,http://www.newworldencyclopedia.org.waps.io/entry/American_Revolutionary_War,"2017-07-25 18:50:54.0",http://searchwell.l3s.uni-hannover.de/en/search.jsf?query=American Revolutionary War,107805,523,1
36377397,http://www.britannica.com.secure.waps.io/event/American-Revolution,"2017-07-25 18:51:00.0",http://searchwell.l3s.uni-hannover.de/en/search.jsf?query=American Revolutionary War,421679,21761,0
41584251,http://searchwell.l3s.uni-hannover.de/?uid=41584251,"2017-07-25 20:14:09.0",http://gadirajuweb.l3s.uni-hannover.de/SearchWell/ARWar/arwar_task.php?userID=41584251,44309,16045,0
11582908,http://searchwell.l3s.uni-hannover.de/?uid=11582908,"2017-07-25 19:14:02.0",http://gadirajuweb.l3s.uni-hannover.de/SearchWell/ARWar/arwar_task.php?userID=11582908,57721,13920,0
11582908,http://searchwell.l3s.uni-hannover.de/en/search.jsf?query=American Revolutionary War,"2017-07-25 19:15:01.0",http://searchwell.l3s.uni-hannover.de/?uid=11582908,620066,27613,0
11582908,http://en.wikipedia.org.secure.waps.io/wiki/American_Revolutionary_War,"2017-07-25 19:15:08.0",http://searchwell.l3s.uni-hannover.de/en/search.jsf?query=American Revolutionary War,614782,122177,0
43026943,http://searchwell.l3s.uni-hannover.de/?uid=43026943,"2017-07-25 18:15:44.0",http://gadirajuweb.l3s.uni-hannover.de/SearchWell/ARWar/arwar_task.php?userID=43026943,334994,14716,0
43026943,http://searchwell.l3s.uni-hannover.de/en/search.jsf?query=war of freedom,"2017-07-25 18:21:23.0",http://searchwell.l3s.uni-hannover.de/?uid=43026943,421191,12765,0
43026943,http://www.nps.gov.secure.waps.io/features/warforfreedom/,"2017-07-25 18:21:41.0",http://searchwell.l3s.uni-hannover.de/en/search.jsf?query=war of freedom,31977,3111,0
35912362,http://searchwell.l3s.uni-hannover.de/?uid=35912362,"2017-07-25 18:44:20.0",http://gadirajuweb.l3s.uni-hannover.de/SearchWell/ARWar/arwar_task.php?userID=35912362,3101,1137,0
35912362,http://searchwell.l3s.uni-hannover.de/?uid=35912362,"2017-07-25 18:45:41.0",http://gadirajuweb.l3s.uni-hannover.de/SearchWell/ARWar/arwar_task.php?userID=35912362,17517,17214,0
35912362,http://searchwell.l3s.uni-hannover.de/en/search.jsf?query=guerra revolucionaria americana,"2017-07-25 18:45:59.0",http://searchwell.l3s.uni-hannover.de/?uid=35912362,204709,4169,0
35912362,http://es.wikipedia.org.secure.waps.io/wiki/Guerra_de_Independencia_de_los_Estados_Unidos,"2017-07-25 18:46:05.0",http://searchwell.l3s.uni-hannover.de/en/search.jsf?query=guerra revolucionaria americana,196417,66837,0
36201092,http://searchwell.l3s.uni-hannover.de/?uid=36201092,"2017-07-25 18:18:05.0",http://gadirajuweb.l3s.uni-hannover.de/SearchWell/ARWar/arwar_task.php?userID=36201092,33512,10538,0
36201092,http://searchwell.l3s.uni-hannover.de/en/search.jsf?query=Guerra Revolucionaria Americana,"2017-07-25 18:18:43.0",http://searchwell.l3s.uni-hannover.de/?uid=36201092,39185,25476,0
36201092,http://es.wikipedia.org.secure.waps.io/wiki/Guerra_de_Independencia_de_los_Estados_Unidos,"2017-07-25 18:19:45.0",http://searchwell.l3s.uni-hannover.de/en/search.jsf?query=Guerra Revolucionaria Americana,353648,37974,1
33792477,http://searchwell.l3s.uni-hannover.de/?uid=33792477,"2017-07-25 18:17:22.0",http://gadirajuweb.l3s.uni-hannover.de/SearchWell/ARWar/arwar_task.php?userID=33792477,23822,5267,0
33792477,http://searchwell.l3s.uni-hannover.de/en/search.jsf?query=American Revolutionary War,"2017-07-25 18:17:46.0",http://searchwell.l3s.uni-hannover.de/?uid=33792477,426064,43345,0
33792477,http://en.wikipedia.org.secure.waps.io/wiki/American_Revolutionary_War,"2017-07-25 18:18:43.0",http://searchwell.l3s.uni-hannover.de/en/search.jsf?query=American Revolutionary War,260395,104859,1
33792477,http://searchwell.l3s.uni-hannover.de/?uid=33792477,"2017-07-25 18:20:19.0",http://gadirajuweb.l3s.uni-hannover.de/SearchWell/ARWar/arwar_task.php?userID=33792477,2866,2599,0
33792477,http://loc.gov.waps.io/teachers/classroommaterials/presentationsandactivities/presentations/timeline/amrev/,"2017-07-25 18:22:06.0",http://searchwell.l3s.uni-hannover.de/en/search.jsf?query=American Revolutionary War,164048,1856,0
39616594,http://searchwell.l3s.uni-hannover.de/?uid=39616594,"2017-07-25 18:47:50.0",http://gadirajuweb.l3s.uni-hannover.de/SearchWell/ARWar/arwar_task.php?userID=39616594,37997,6551,0
39616594,http://searchwell.l3s.uni-hannover.de/en/search.jsf?query=American Revolutionary War,"2017-07-25 18:48:29.0",http://searchwell.l3s.uni-hannover.de/?uid=39616594,446862,34595,0
39616594,http://en.wikipedia.org.secure.waps.io/wiki/American_Revolutionary_War,"2017-07-25 18:48:58.0",http://searchwell.l3s.uni-hannover.de/en/search.jsf?query=American Revolutionary War,161413,132207,1
39616594,http://www.history.com.waps.io/topics/american-revolution,"2017-07-25 18:52:27.0",http://searchwell.l3s.uni-hannover.de/en/search.jsf?query=American Revolutionary War,15072,13582,1
39616594,http://www.myrevolutionarywar.com.secure.waps.io/,"2017-07-25 18:52:59.0",http://searchwell.l3s.uni-hannover.de/en/search.jsf?query=American Revolutionary War,174825,40813,0
40431824,http://searchwell.l3s.uni-hannover.de/?uid=40431824,"2017-07-25 18:24:15.0",http://gadirajuweb.l3s.uni-hannover.de/SearchWell/ARWar/arwar_task.php?userID=40431824,16006,14953,0
40431824,http://searchwell.l3s.uni-hannover.de/en/search.jsf?query=american revolution war,"2017-07-25 18:24:39.0",http://searchwell.l3s.uni-hannover.de/?uid=40431824,42134,15310,0
40431824,http://searchwell.l3s.uni-hannover.de/?uid=40431824,"2017-07-25 18:25:55.0",http://gadirajuweb.l3s.uni-hannover.de/SearchWell/ARWar/arwar_task.php?userID=40431824,221132,69846,0
38775014,http://searchwell.l3s.uni-hannover.de/?uid=38775014,"2017-07-25 18:16:01.0",http://gadirajuweb.l3s.uni-hannover.de/SearchWell/ARWar/arwar_task.php?userID=38775014,15855,1368,0
38775014,http://searchwell.l3s.uni-hannover.de/en/search.jsf?query=American Revolutionary War,"2017-07-25 18:16:41.0",http://searchwell.l3s.uni-hannover.de/?uid=38775014,10258,9484,0
38775014,http://en.wikipedia.org.secure.waps.io/wiki/American_Revolutionary_War,"2017-07-25 18:17:51.0",http://searchwell.l3s.uni-hannover.de/en/search.jsf?query=American Revolutionary War,317870,114809,1
38775014,http://www.myrevolutionarywar.com.secure.waps.io/,"2017-07-25 18:19:39.0",http://searchwell.l3s.uni-hannover.de/en/search.jsf?query=American Revolutionary War,45124,1097,1
42861604,http://searchwell.l3s.uni-hannover.de/?uid=42861604,"2017-07-25 19:17:03.0",http://gadirajuweb.l3s.uni-hannover.de/SearchWell/ARWar/arwar_task.php?userID=42861604,102015,7694,0
42861604,http://searchwell.l3s.uni-hannover.de/en/search.jsf?query=American Revolutionary War,"2017-07-25 19:18:47.0",http://searchwell.l3s.uni-hannover.de/?uid=42861604,998,0,0
41857441,http://searchwell.l3s.uni-hannover.de/?uid=41857441,"2017-07-25 20:31:42.0",http://gadirajuweb.l3s.uni-hannover.de/SearchWell/ARWar/arwar_task.php?userID=41857441,20261,5739,0
41857441,http://searchwell.l3s.uni-hannover.de/en/search.jsf?query=American Revolutionary War,"2017-07-25 20:32:05.0",http://searchwell.l3s.uni-hannover.de/?uid=41857441,250356,14745,0
41857441,http://en.wikipedia.org.secure.waps.io/wiki/American_Revolutionary_War,"2017-07-25 20:32:16.0",http://searchwell.l3s.uni-hannover.de/en/search.jsf?query=American Revolutionary War,154378,13396,0
41857441,http://www.britannica.com.secure.waps.io/event/American-Revolution,"2017-07-25 20:35:22.0",http://searchwell.l3s.uni-hannover.de/en/search.jsf?query=American Revolutionary War,56448,14063,1
43530879,http://searchwell.l3s.uni-hannover.de/?uid=43530879,"2017-07-25 19:02:32.0",http://gadirajuweb.l3s.uni-hannover.de/SearchWell/ARWar/arwar_task.php?userID=43530879,15907,3058,0
43530879,http://searchwell.l3s.uni-hannover.de/en/search.jsf?query=american revolutionary war patriot,"2017-07-25 19:02:51.0",http://searchwell.l3s.uni-hannover.de/?uid=43530879,4112,3984,0
43530879,http://searchwell.l3s.uni-hannover.de/en/search.jsf?query=american revolutionary war ,"2017-07-25 19:02:56.0",http://searchwell.l3s.uni-hannover.de/en/search.jsf?query=american revolutionary war patriot,1236932,31566,0
43530879,http://en.wikipedia.org.secure.waps.io/wiki/American_Revolutionary_War,"2017-07-25 19:03:08.0",http://searchwell.l3s.uni-hannover.de/en/search.jsf?query=american revolutionary war ,1228203,183519,0
43530879,http://www.myrevolutionarywar.com.secure.waps.io/,"2017-07-25 19:04:45.0",http://searchwell.l3s.uni-hannover.de/en/search.jsf?query=american revolutionary war ,938365,167,1
43530879,http://www.ushistory.org.waps.io/declaration/revwartimeline.html,"2017-07-25 19:04:46.0",http://searchwell.l3s.uni-hannover.de/en/search.jsf?query=american revolutionary war ,1127923,37249,1
36181479,http://searchwell.l3s.uni-hannover.de/?uid=36181479,"2017-07-25 18:16:47.0",http://gadirajuweb.l3s.uni-hannover.de/SearchWell/ARWar/arwar_task.php?userID=36181479,89063,26188,0
36181479,http://searchwell.l3s.uni-hannover.de/en/search.jsf?query=%D0%B0%D0%BC%D0%B5%D1%80%D0%B8%D0%BA%D0%B0%D0%BD%D1%81%D0%BA%D0%B0%D1%8F %D1%80%D0%B5%D0%B2%D0%BE%D0%BB%D1%8E%D1%86%D0%B8%D1%8F %D1%81 1773,"2017-07-25 18:18:18.0",http://searchwell.l3s.uni-hannover.de/?uid=36181479,682376,72646,0
36181479,http://ru.wikipedia.org.secure.waps.io/wiki/%EF%BF%BD%EF%BF%BD%EF%BF%BD%EF%BF%BD%EF%BF%BD%EF%BF%BD%EF%BF%BD%EF%BF%BD%EF%BF%BD%EF%BF%BD%EF%BF%BD%EF%BF%BD_%EF%BF%BD%EF%BF%BD%EF%BF%BD%EF%BF%BD%EF%BF%BD%EF%BF%BD%EF%BF%BD%EF%BF%BD%EF%BF%BD,"2017-07-25 18:18:46.0",http://searchwell.l3s.uni-hannover.de/en/search.jsf?query=%D0%B0%D0%BC%D0%B5%D1%80%D0%B8%D0%BA%D0%B0%D0%BD%D1%81%D0%BA%D0%B0%D1%8F %D1%80%D0%B5%D0%B2%D0%BE%D0%BB%D1%8E%D1%86%D0%B8%D1%8F %D1%81 1773,5982,1432,1
36181479,http://www.lki.ru.waps.io/text.php?id=4584,"2017-07-25 18:22:38.0",http://searchwell.l3s.uni-hannover.de/en/search.jsf?query=%D0%B0%D0%BC%D0%B5%D1%80%D0%B8%D0%BA%D0%B0%D0%BD%D1%81%D0%BA%D0%B0%D1%8F %D1%80%D0%B5%D0%B2%D0%BE%D0%BB%D1%8E%D1%86%D0%B8%D1%8F %D1%81 1773,683120,104684,0
36181479,http://chrontime.com.secure.waps.io/sobytiya-amerikanskaya-revolyuciya,"2017-07-25 18:28:15.0",http://searchwell.l3s.uni-hannover.de/en/search.jsf?query=%D0%B0%D0%BC%D0%B5%D1%80%D0%B8%D0%BA%D0%B0%D0%BD%D1%81%D0%BA%D0%B0%D1%8F %D1%80%D0%B5%D0%B2%D0%BE%D0%BB%D1%8E%D1%86%D0%B8%D1%8F %D1%81 1773,346484,0,0
36181479,http://searchwell.l3s.uni-hannover.de/en/search.jsf?query=%D0%9D%D0%B8%D0%B4%D0%B5%D1%80%D0%BB%D0%B0%D0%BD%D0%B4%D1%8B %D0%BF%D0%BE%D0%BB%D1%83%D1%87%D0%B8%D0%BB%D0%B8 %D0%B7%D0%BD%D0%B0%D1%87%D0%B8%D1%82%D0%B5%D0%BB%D1%8C%D0%BD%D1%83%D1%8E %D0%BD%D0%B5%D0%B7%D0%B0%D0%B2%D0%B8%D1%81%D0%B8%D0%BC%D0%BE%D1%81%D1%82%D1%8C,"2017-07-25 18:29:42.0",http://searchwell.l3s.uni-hannover.de/en/search.jsf?query=%D0%B0%D0%BC%D0%B5%D1%80%D0%B8%D0%BA%D0%B0%D0%BD%D1%81%D0%BA%D0%B0%D1%8F %D1%80%D0%B5%D0%B2%D0%BE%D0%BB%D1%8E%D1%86%D0%B8%D1%8F %D1%81 1773,36181,31581,0
36181479,http://searchwell.l3s.uni-hannover.de/en/search.jsf?query=%D0%9D%D0%B8%D0%B4%D0%B5%D1%80%D0%BB%D0%B0%D0%BD%D0%B4%D1%8B %D0%BF%D0%BE%D0%BB%D1%83%D1%87%D0%B8%D0%BB%D0%B8 %D0%B7%D0%BD%D0%B0%D1%87%D0%B8%D1%82%D0%B5%D0%BB%D1%8C%D0%BD%D1%83%D1%8E %D0%BD%D0%B5%D0%B7%D0%B0%D0%B2%D0%B8%D1%81%D0%B8%D0%BC%D0%BE%D1%81%D1%82%D1%8C %D0%B0 %D0%B2 %D1%80%D0%B5%D0%B7%D1%83%D0%BB%D1%8C%D1%82%D0%B0%D1%82%D0%B5 %D0%B0%D0%BC%D0%B5%D1%80%D0%B8%D0%BA%D0%B0%D0%BD%D1%81%D0%BA%D0%BE%D0%B9 %D1%80%D0%B5%D0%B2%D0%BE%D0%BB%D1%8E%D1%86%D0%B8%D0%B8,"2017-07-25 18:30:21.0",http://searchwell.l3s.uni-hannover.de/en/search.jsf?query=%D0%9D%D0%B8%D0%B4%D0%B5%D1%80%D0%BB%D0%B0%D0%BD%D0%B4%D1%8B %D0%BF%D0%BE%D0%BB%D1%83%D1%87%D0%B8%D0%BB%D0%B8 %D0%B7%D0%BD%D0%B0%D1%87%D0%B8%D1%82%D0%B5%D0%BB%D1%8C%D0%BD%D1%83%D1%8E %D0%BD%D0%B5%D0%B7%D0%B0%D0%B2%D0%B8%D1%81%D0%B8%D0%BC%D0%BE%D1%81%D1%82%D1%8C,99889,19860,0
36181479,http://ru.wikipedia.org.secure.waps.io/wiki/%D0%98%D1%81%D1%82%D0%BE%D1%80%D0%B8%D1%8F_%D0%9D%D0%B8%D0%B4%D0%B5%D1%80%D0%BB%D0%B0%D0%BD%D0%B4%D0%BE%D0%B2,"2017-07-25 18:30:32.0",http://searchwell.l3s.uni-hannover.de/en/search.jsf?query=%D0%9D%D0%B8%D0%B4%D0%B5%D1%80%D0%BB%D0%B0%D0%BD%D0%B4%D1%8B %D0%BF%D0%BE%D0%BB%D1%83%D1%87%D0%B8%D0%BB%D0%B8 %D0%B7%D0%BD%D0%B0%D1%87%D0%B8%D1%82%D0%B5%D0%BB%D1%8C%D0%BD%D1%83%D1%8E %D0%BD%D0%B5%D0%B7%D0%B0%D0%B2%D0%B8%D1%81%D0%B8%D0%BC%D0%BE%D1%81%D1%82%D1%8C %D0%B0 %D0%B2 %D1%80%D0%B5%D0%B7%D1%83%D0%BB%D1%8C%D1%82%D0%B0%D1%82%D0%B5 %D0%B0%D0%BC%D0%B5%D1%80%D0%B8%D0%BA%D0%B0%D0%BD%D1%81%D0%BA%D0%BE%D0%B9 %D1%80%D0%B5%D0%B2%D0%BE%D0%BB%D1%8E%D1%86%D0%B8%D0%B8,62367,20395,1
36181479,http://searchwell.l3s.uni-hannover.de/en/search.jsf?query=%D0%BA%D0%BE%D1%80%D0%BE%D0%BB%D0%B5%D0%B2%D1%81%D1%82%D0%B2%D0%BE %D0%BC%D0%B0%D0%B9%D1%81%D1%83%D1%80,"2017-07-25 18:32:02.0",http://searchwell.l3s.uni-hannover.de/en/search.jsf?query=%D0%9D%D0%B8%D0%B4%D0%B5%D1%80%D0%BB%D0%B0%D0%BD%D0%B4%D1%8B %D0%BF%D0%BE%D0%BB%D1%83%D1%87%D0%B8%D0%BB%D0%B8 %D0%B7%D0%BD%D0%B0%D1%87%D0%B8%D1%82%D0%B5%D0%BB%D1%8C%D0%BD%D1%83%D1%8E %D0%BD%D0%B5%D0%B7%D0%B0%D0%B2%D0%B8%D1%81%D0%B8%D0%BC%D0%BE%D1%81%D1%82%D1%8C %D0%B0 %D0%B2 %D1%80%D0%B5%D0%B7%D1%83%D0%BB%D1%8C%D1%82%D0%B0%D1%82%D0%B5 %D0%B0%D0%BC%D0%B5%D1%80%D0%B8%D0%BA%D0%B0%D0%BD%D1%81%D0%BA%D0%BE%D0%B9 %D1%80%D0%B5%D0%B2%D0%BE%D0%BB%D1%8E%D1%86%D0%B8%D0%B8,115727,8011,0
36181479,http://ru.knowledgr.com.waps.io/00575606/%D0%9A%D0%BE%D1%80%D0%BE%D0%BB%D0%B5%D0%B2%D1%81%D1%82%D0%B2%D0%BE%D0%9C%D0%B0%D0%B9%D1%81%D1%83%D1%80,"2017-07-25 18:32:15.0",http://searchwell.l3s.uni-hannover.de/en/search.jsf?query=%D0%BA%D0%BE%D1%80%D0%BE%D0%BB%D0%B5%D0%B2%D1%81%D1%82%D0%B2%D0%BE %D0%BC%D0%B0%D0%B9%D1%81%D1%83%D1%80,105478,27574,1
41187179,http://searchwell.l3s.uni-hannover.de/?uid=41187179,"2017-07-25 18:50:58.0",http://gadirajuweb.l3s.uni-hannover.de/SearchWell/ARWar/arwar_task.php?userID=41187179,17258,6447,0
41187179,http://searchwell.l3s.uni-hannover.de/en/search.jsf?query=independence on July 2%2C 1776,"2017-07-25 18:51:16.0",http://searchwell.l3s.uni-hannover.de/?uid=41187179,465418,33726,0
41187179,http://en.wikipedia.org.secure.waps.io/wiki/Independence_Day_(United_States),"2017-07-25 18:52:56.0",http://searchwell.l3s.uni-hannover.de/en/search.jsf?query=independence on July 2%2C 1776,19063,4043,0
41187179,http://en.wikipedia.org.secure.waps.io/wiki/United_States_Declaration_of_Independence,"2017-07-25 18:55:16.0",http://searchwell.l3s.uni-hannover.de/en/search.jsf?query=independence on July 2%2C 1776,44305,0,0
41187179,http://heavy.com.waps.io/news/2016/07/july-4-1776-first-independence-day/,"2017-07-25 18:56:05.0",http://searchwell.l3s.uni-hannover.de/en/search.jsf?query=independence on July 2%2C 1776,13116,7007,1
41187179,http://www.history.com.waps.io/this-day-in-history/u-s-declares-independence,"2017-07-25 18:56:32.0",http://searchwell.l3s.uni-hannover.de/en/search.jsf?query=independence on July 2%2C 1776,59048,802,1
42607909,http://searchwell.l3s.uni-hannover.de/?uid=42607909,"2017-07-25 18:19:04.0",http://gadirajuweb.l3s.uni-hannover.de/SearchWell/ARWar/arwar_task.php?userID=42607909,2266,1502,0
42607909,http://searchwell.l3s.uni-hannover.de/?uid=42607909,"2017-07-25 18:20:17.0",http://gadirajuweb.l3s.uni-hannover.de/SearchWell/ARWar/arwar_task.php?userID=42607909,1061,988,0
42607909,http://searchwell.l3s.uni-hannover.de/en/search.jsf?query=symptoms%2C causes and prevention of altitude sickness,"2017-07-25 18:21:10.0",http://searchwell.l3s.uni-hannover.de/?uid=42607909,49459,11085,0
42607909,http://www.healthline.com.waps.io/health/altitude-sickness,"2017-07-25 18:22:38.0",http://searchwell.l3s.uni-hannover.de/en/search.jsf?query=symptoms%2C causes and prevention of altitude sickness,184226,1956,0
42607909,http://www.drugs.com.secure.waps.io/health-guide/altitude-sickness.html,"2017-07-25 18:23:08.0",http://searchwell.l3s.uni-hannover.de/en/search.jsf?query=symptoms%2C causes and prevention of altitude sickness,151811,4672,1
42607909,http://en.wikipedia.org.secure.waps.io/wiki/Altitude_sickness,"2017-07-25 18:23:08.0",http://searchwell.l3s.uni-hannover.de/en/search.jsf?query=symptoms%2C causes and prevention of altitude sickness,154206,3593,0
42082819,http://searchwell.l3s.uni-hannover.de/?uid=42082819,"2017-07-25 18:17:58.0",http://gadirajuweb.l3s.uni-hannover.de/SearchWell/ARWar/arwar_task.php?userID=42082819,17280,5681,0
42082819,http://searchwell.l3s.uni-hannover.de/en/search.jsf?query=Guerra Revolucionaria Americana,"2017-07-25 18:18:19.0",http://searchwell.l3s.uni-hannover.de/?uid=42082819,414557,35052,0
42082819,http://es.wikipedia.org.secure.waps.io/wiki/Guerra_de_Independencia_de_los_Estados_Unidos,"2017-07-25 18:18:46.0",http://searchwell.l3s.uni-hannover.de/en/search.jsf?query=Guerra Revolucionaria Americana,680471,166929,0
42082819,http://pt.wikipedia.org.secure.waps.io/wiki/Guerra_Revolucion%C3%A1ria_Americana,"2017-07-25 18:21:42.0",http://searchwell.l3s.uni-hannover.de/en/search.jsf?query=Guerra Revolucionaria Americana,61715,7918,0
42082819,http://searchwell.l3s.uni-hannover.de/en/search.jsf?query= El Reino de Mysore entr%C3%B3 en la guerra contra Gran Breta%C3%B1a en 1780,"2017-07-25 18:25:16.0",http://searchwell.l3s.uni-hannover.de/en/search.jsf?query=Guerra Revolucionaria Americana,288017,10651,0
42082819,http://es.wikipedia.org.secure.waps.io/wiki/Segunda_Guerra_Anglo-Mysore,"2017-07-25 18:25:54.0",http://searchwell.l3s.uni-hannover.de/en/search.jsf?query= El Reino de Mysore entr%C3%B3 en la guerra contra Gran Breta%C3%B1a en 1780,251899,16897,1
6714482,http://searchwell.l3s.uni-hannover.de/?uid=6714482,"2017-07-25 18:50:06.0",http://gadirajuweb.l3s.uni-hannover.de/SearchWell/ARWar/arwar_task.php?userID=6714482,42340,5674,0
6714482,http://searchwell.l3s.uni-hannover.de/en/search.jsf?query=american revolutionary war,"2017-07-25 18:50:50.0",http://searchwell.l3s.uni-hannover.de/?uid=6714482,454742,6809,1
6714482,http://en.wikipedia.org.secure.waps.io/wiki/American_Revolutionary_War,"2017-07-25 18:51:47.0",http://searchwell.l3s.uni-hannover.de/en/search.jsf?query=american revolutionary war,281287,0,1
6714482,http://en.wikipedia.org.secure.waps.io/wiki/American_Revolutionary_War,"2017-07-25 18:57:55.0",http://searchwell.l3s.uni-hannover.de/en/search.jsf?query=american revolutionary war,0,0,1
40102852,http://searchwell.l3s.uni-hannover.de/?uid=40102852,"2017-07-25 18:14:27.0",http://gadirajuweb.l3s.uni-hannover.de/SearchWell/ARWar/arwar_task.php?userID=40102852,3620,2776,0
40102852,http://searchwell.l3s.uni-hannover.de/en/search.jsf?query=American Revolutionary War,"2017-07-25 18:14:44.0",http://searchwell.l3s.uni-hannover.de/?uid=40102852,199901,12783,0
40102852,http://en.wikipedia.org.secure.waps.io/wiki/American_Revolutionary_War,"2017-07-25 18:14:59.0",http://searchwell.l3s.uni-hannover.de/en/search.jsf?query=American Revolutionary War,125317,51043,0
40102852,http://searchwell.l3s.uni-hannover.de/?uid=40102852,"2017-07-25 18:18:30.0",http://gadirajuweb.l3s.uni-hannover.de/SearchWell/ARWar/arwar_task.php?userID=40102852,12632,12104,0
40102852,http://searchwell.l3s.uni-hannover.de/en/search.jsf?query=American Revolutionary War,"2017-07-25 18:18:43.0",http://searchwell.l3s.uni-hannover.de/?uid=40102852,111549,5761,0
41551427,http://searchwell.l3s.uni-hannover.de/?uid=41551427,"2017-07-25 19:19:27.0",http://gadirajuweb.l3s.uni-hannover.de/SearchWell/ARWar/arwar_task.php?userID=41551427,32490,7779,0
41551427,http://searchwell.l3s.uni-hannover.de/en/search.jsf?query=american revolutionary war generals,"2017-07-25 19:20:02.0",http://searchwell.l3s.uni-hannover.de/?uid=41551427,686661,2511,0
35783314,http://searchwell.l3s.uni-hannover.de/?uid=35783314,"2017-07-25 21:11:09.0",http://gadirajuweb.l3s.uni-hannover.de/SearchWell/ARWar/arwar_task.php?userID=35783314,23129,3507,0
35783314,http://searchwell.l3s.uni-hannover.de/en/search.jsf?query= American Revolutionary War,"2017-07-25 21:12:02.0",http://searchwell.l3s.uni-hannover.de/?uid=35783314,758461,10805,0
35783314,http://en.wikipedia.org.secure.waps.io/wiki/American_Revolutionary_War,"2017-07-25 21:12:33.0",http://searchwell.l3s.uni-hannover.de/en/search.jsf?query= American Revolutionary War,576462,161433,1
41676176,http://searchwell.l3s.uni-hannover.de/?uid=41676176,"2017-07-25 18:18:29.0",http://gadirajuweb.l3s.uni-hannover.de/SearchWell/ARWar/arwar_task.php?userID=41676176,30439,1616,0
41676176,http://searchwell.l3s.uni-hannover.de/en/search.jsf?query= Guerra Revolucionaria Americana,"2017-07-25 18:19:02.0",http://searchwell.l3s.uni-hannover.de/?uid=41676176,346851,31926,0
41676176,http://es.wikipedia.org.secure.waps.io/wiki/Guerra_de_Independencia_de_los_Estados_Unidos,"2017-07-25 18:19:44.0",http://searchwell.l3s.uni-hannover.de/en/search.jsf?query= Guerra Revolucionaria Americana,94501,14527,1
41676176,http://pt.wikipedia.org.secure.waps.io/wiki/Guerra_Revolucion%C3%A1ria_Americana,"2017-07-25 18:21:36.0",http://searchwell.l3s.uni-hannover.de/en/search.jsf?query= Guerra Revolucionaria Americana,2533,0,0
41676176,http://prezi.com.secure.waps.io/hsal48jpgwex/guerra-revolucionaria-americana/,"2017-07-25 18:23:51.0",http://searchwell.l3s.uni-hannover.de/en/search.jsf?query= Guerra Revolucionaria Americana,0,0,1
25411600,http://searchwell.l3s.uni-hannover.de/?uid=25411600,"2017-07-25 18:14:36.0",http://gadirajuweb.l3s.uni-hannover.de/SearchWell/ARWar/arwar_task.php?userID=25411600,10661,9109,1
25411600,http://searchwell.l3s.uni-hannover.de/en/search.jsf?query=american revolutionary war,"2017-07-25 18:14:52.0",http://searchwell.l3s.uni-hannover.de/?uid=25411600,235466,10522,1
25411600,http://en.wikipedia.org.secure.waps.io/wiki/American_Revolutionary_War,"2017-07-25 18:15:27.0",http://searchwell.l3s.uni-hannover.de/en/search.jsf?query=american revolutionary war,228516,137825,1
31265048,http://searchwell.l3s.uni-hannover.de/?uid=31265048,"2017-07-25 18:46:08.0",http://gadirajuweb.l3s.uni-hannover.de/SearchWell/ARWar/arwar_task.php?userID=31265048,39818,7839,0
31265048,http://searchwell.l3s.uni-hannover.de/en/search.jsf?query=Guerra Revolucionaria Americana,"2017-07-25 18:46:49.0",http://searchwell.l3s.uni-hannover.de/?uid=31265048,79295,5643,0
31265048,http://es.wikipedia.org.secure.waps.io/wiki/Guerra_de_Independencia_de_los_Estados_Unidos,"2017-07-25 18:46:56.0",http://searchwell.l3s.uni-hannover.de/en/search.jsf?query=Guerra Revolucionaria Americana,306085,51314,1
36113457,http://searchwell.l3s.uni-hannover.de/?uid=36113457,"2017-07-25 18:15:33.0",http://gadirajuweb.l3s.uni-hannover.de/SearchWell/ARWar/arwar_task.php?userID=36113457,4562,4107,0
36113457,http://searchwell.l3s.uni-hannover.de/en/search.jsf?query=American Revolutionary War,"2017-07-25 18:15:40.0",http://searchwell.l3s.uni-hannover.de/?uid=36113457,672423,9473,0
36113457,http://en.wikipedia.org.secure.waps.io/wiki/American_Revolutionary_War,"2017-07-25 18:15:54.0",http://searchwell.l3s.uni-hannover.de/en/search.jsf?query=American Revolutionary War,659385,174371,0
39119481,http://searchwell.l3s.uni-hannover.de/?uid=39119481,"2017-07-25 19:27:32.0",http://gadirajuweb.l3s.uni-hannover.de/SearchWell/ARWar/arwar_task.php?userID=39119481,32813,11669,0
39119481,http://searchwell.l3s.uni-hannover.de/en/search.jsf?query=%D0%B0%D0%BC%D0%B5%D1%80%D0%B8%D0%BA%D0%B0%D0%BD%D1%81%D0%BA%D0%B0%D1%8F %D0%B2%D0%BE%D0%B9%D0%BD%D0%B0 %D0%B7%D0%B0 %D0%BD%D0%B5%D0%B7%D0%B0%D0%B2%D0%B8%D1%81%D0%B8%D0%BC%D0%BE%D1%81%D1%82%D1%8C,"2017-07-25 19:28:07.0",http://searchwell.l3s.uni-hannover.de/?uid=39119481,915221,33462,0
39119481,http://ru.wikipedia.org.secure.waps.io/wiki/%D0%92%D0%BE%D0%B9%D0%BD%D0%B0_%D0%B7%D0%B0_%D0%BD%D0%B5%D0%B7%D0%B0%D0%B2%D0%B8%D1%81%D0%B8%D0%BC%D0%BE%D1%81%D1%82%D1%8C_%D0%A1%D0%A8%D0%90,"2017-07-25 19:28:16.0",http://searchwell.l3s.uni-hannover.de/en/search.jsf?query=%D0%B0%D0%BC%D0%B5%D1%80%D0%B8%D0%BA%D0%B0%D0%BD%D1%81%D0%BA%D0%B0%D1%8F %D0%B2%D0%BE%D0%B9%D0%BD%D0%B0 %D0%B7%D0%B0 %D0%BD%D0%B5%D0%B7%D0%B0%D0%B2%D0%B8%D1%81%D0%B8%D0%BC%D0%BE%D1%81%D1%82%D1%8C,522991,44904,1
39119481,http://usa-info.com.ua.waps.io/history/independence_war.html,"2017-07-25 19:28:29.0",http://searchwell.l3s.uni-hannover.de/en/search.jsf?query=%D0%B0%D0%BC%D0%B5%D1%80%D0%B8%D0%BA%D0%B0%D0%BD%D1%81%D0%BA%D0%B0%D1%8F %D0%B2%D0%BE%D0%B9%D0%BD%D0%B0 %D0%B7%D0%B0 %D0%BD%D0%B5%D0%B7%D0%B0%D0%B2%D0%B8%D1%81%D0%B8%D0%BC%D0%BE%D1%81%D1%82%D1%8C,895577,57749,0
39119481,http://ru.knowledgr.com.waps.io/00000138/%D0%90%D0%BC%D0%B5%D1%80%D0%B8%D0%BA%D0%B0%D0%BD%D1%81%D0%BA%D0%B0%D1%8F%D0%92%D0%BE%D0%B9%D0%BD%D0%B0%D0%97%D0%B0%D0%9D%D0%B5%D0%B7%D0%B0%D0%B2%D0%B8%D1%81%D0%B8%D0%BC%D0%BE%D1%81%D1%82%D1%8C,"2017-07-25 19:37:11.0",http://searchwell.l3s.uni-hannover.de/en/search.jsf?query=%D0%B0%D0%BC%D0%B5%D1%80%D0%B8%D0%BA%D0%B0%D0%BD%D1%81%D0%BA%D0%B0%D1%8F %D0%B2%D0%BE%D0%B9%D0%BD%D0%B0 %D0%B7%D0%B0 %D0%BD%D0%B5%D0%B7%D0%B0%D0%B2%D0%B8%D1%81%D0%B8%D0%BC%D0%BE%D1%81%D1%82%D1%8C,372452,149031,0
43476534,http://searchwell.l3s.uni-hannover.de/?uid=43476534,"2017-07-25 18:16:29.0",http://gadirajuweb.l3s.uni-hannover.de/SearchWell/ARWar/arwar_task.php?userID=43476534,52464,12356,0
43476534,http://searchwell.l3s.uni-hannover.de/en/search.jsf?query=Guerra de la independencia americana,"2017-07-25 18:17:48.0",http://searchwell.l3s.uni-hannover.de/?uid=43476534,74659,10361,0
43476534,http://es.wikipedia.org.secure.waps.io/wiki/Guerra_de_Independencia_de_los_Estados_Unidos,"2017-07-25 18:18:49.0",http://searchwell.l3s.uni-hannover.de/en/search.jsf?query=Guerra de la independencia americana,0,0,1
43476534,http://searchwell.l3s.uni-hannover.de/en/search.jsf?query=symptoms%2C causes and prevention of altitude sickness,"2017-07-25 18:19:04.0",http://searchwell.l3s.uni-hannover.de/en/search.jsf?query=Guerra de la independencia americana,56997,3799,0
33434416,http://searchwell.l3s.uni-hannover.de/?uid=33434416,"2017-07-25 18:19:28.0",http://gadirajuweb.l3s.uni-hannover.de/SearchWell/ARWar/arwar_task.php?userID=33434416,40178,7334,0
33434416,http://searchwell.l3s.uni-hannover.de/en/search.jsf?query=the american revolutionary war,"2017-07-25 18:21:05.0",http://searchwell.l3s.uni-hannover.de/?uid=33434416,764295,15981,0
33434416,http://en.wikipedia.org.secure.waps.io/wiki/American_Revolutionary_War,"2017-07-25 18:22:39.0",http://searchwell.l3s.uni-hannover.de/en/search.jsf?query=the american revolutionary war,676053,138806,0
43125608,http://searchwell.l3s.uni-hannover.de/?uid=43125608,"2017-07-25 18:41:19.0",http://gadirajuweb.l3s.uni-hannover.de/SearchWell/ARWar/arwar_task.php?userID=43125608,26161,10085,0
43125608,http://searchwell.l3s.uni-hannover.de/en/search.jsf?query=Amerikan Devrim Sava%C5%9F%C4%B1,"2017-07-25 18:41:47.0",http://searchwell.l3s.uni-hannover.de/?uid=43125608,359037,12989,0
43125608,http://www.msxlabs.org.secure.waps.io/forum/tarih/370611-amerikan-devrimi-ve-bagimsizlik-savasi.html,"2017-07-25 18:41:59.0",http://searchwell.l3s.uni-hannover.de/en/search.jsf?query=Amerikan Devrim Sava%C5%9F%C4%B1,469469,97872,1
43125608,http://www.msxlabs.org.secure.waps.io/forum/tarih/370611-amerikan-devrimi-ve-bagimsizlik-savasi.html,"2017-07-25 18:46:47.0",http://searchwell.l3s.uni-hannover.de/en/search.jsf?query=Amerikan Devrim Sava%C5%9F%C4%B1,0,0,1
43392254,http://searchwell.l3s.uni-hannover.de/?uid=43392254,"2017-07-25 18:16:14.0",http://gadirajuweb.l3s.uni-hannover.de/SearchWell/ARWar/arwar_task.php?userID=43392254,35103,3602,0
43392254,http://searchwell.l3s.uni-hannover.de/en/search.jsf?query=American Revolutionary War,"2017-07-25 18:16:53.0",http://searchwell.l3s.uni-hannover.de/?uid=43392254,277643,12296,0
43392254,http://en.wikipedia.org.secure.waps.io/wiki/American_Revolutionary_War,"2017-07-25 18:17:28.0",http://searchwell.l3s.uni-hannover.de/en/search.jsf?query=American Revolutionary War,241402,91080,0
38030580,http://searchwell.l3s.uni-hannover.de/?uid=38030580,"2017-07-25 18:15:43.0",http://gadirajuweb.l3s.uni-hannover.de/SearchWell/ARWar/arwar_task.php?userID=38030580,71195,6167,0
38030580,http://searchwell.l3s.uni-hannover.de/en/search.jsf?query=American Revolutionary War,"2017-07-25 18:16:56.0",http://searchwell.l3s.uni-hannover.de/?uid=38030580,325731,10284,0
38030580,http://www.myrevolutionarywar.com.secure.waps.io/,"2017-07-25 18:19:39.0",http://searchwell.l3s.uni-hannover.de/en/search.jsf?query=American Revolutionary War,449188,136265,1
39381568,http://searchwell.l3s.uni-hannover.de/?uid=39381568,"2017-07-25 18:14:30.0",http://gadirajuweb.l3s.uni-hannover.de/SearchWell/ARWar/arwar_task.php?userID=39381568,16393,6803,0
39381568,http://searchwell.l3s.uni-hannover.de/en/search.jsf?query=american revolutionary war,"2017-07-25 18:14:51.0",http://searchwell.l3s.uni-hannover.de/?uid=39381568,438953,13252,0
39381568,http://en.wikipedia.org.secure.waps.io/wiki/American_Revolutionary_War,"2017-07-25 18:15:24.0",http://searchwell.l3s.uni-hannover.de/en/search.jsf?query=american revolutionary war,175798,113221,0
39381568,http://www.history.com.waps.io/topics/american-revolution,"2017-07-25 18:15:45.0",http://searchwell.l3s.uni-hannover.de/en/search.jsf?query=american revolutionary war,167810,12779,0
39381568,http://en.wikipedia.org.secure.waps.io/wiki/American_Revolutionary_War,"2017-07-25 18:19:06.0",http://searchwell.l3s.uni-hannover.de/en/search.jsf?query=american revolutionary war,64422,11918,1
36972337,http://searchwell.l3s.uni-hannover.de/?uid=36972337,"2017-07-25 18:15:12.0",http://gadirajuweb.l3s.uni-hannover.de/SearchWell/ARWar/arwar_task.php?userID=36972337,38015,4639,0
36972337,http://searchwell.l3s.uni-hannover.de/en/search.jsf?query=American Revolutionary ,"2017-07-25 18:15:52.0",http://searchwell.l3s.uni-hannover.de/?uid=36972337,105213,7101,0
36972337,http://en.wikipedia.org.secure.waps.io/wiki/American_Revolution,"2017-07-25 18:16:02.0",http://searchwell.l3s.uni-hannover.de/en/search.jsf?query=American Revolutionary ,96847,3886,0
36972337,http://searchwell.l3s.uni-hannover.de/?uid=36972337,"2017-07-25 18:17:54.0",http://gadirajuweb.l3s.uni-hannover.de/SearchWell/ARWar/arwar_task.php?userID=36972337,1788,1565,0
36972337,http://searchwell.l3s.uni-hannover.de/en/search.jsf,"2017-07-25 18:17:56.0",http://searchwell.l3s.uni-hannover.de/?uid=36972337,539637,994,0
29835635,http://searchwell.l3s.uni-hannover.de/?uid=29835635,"2017-07-25 19:45:08.0",http://gadirajuweb.l3s.uni-hannover.de/SearchWell/ARWar/arwar_task.php?userID=29835635,14497,5409,0
29835635,http://searchwell.l3s.uni-hannover.de/en/search.jsf?query=americkej revolu%C4%8Dnej vojne ,"2017-07-25 19:45:24.0",http://searchwell.l3s.uni-hannover.de/?uid=29835635,316121,26958,0
29835635,http://referaty.atlas.sk.waps.io/vseobecne-humanitne/dejepis/42857/?print=1,"2017-07-25 19:45:27.0",http://searchwell.l3s.uni-hannover.de/en/search.jsf?query=americkej revolu%C4%8Dnej vojne ,0,0,1
29835635,http://referaty.atlas.sk.waps.io/vseobecne-humanitne/dejepis/42857/?print=1,"2017-07-25 19:47:31.0",http://searchwell.l3s.uni-hannover.de/en/search.jsf?query=americkej revolu%C4%8Dnej vojne ,549228,157781,0
29835635,http://searchwell.l3s.uni-hannover.de/?uid=29835635,"2017-07-25 19:50:31.0",http://gadirajuweb.l3s.uni-hannover.de/SearchWell/ARWar/arwar_task.php?userID=29835635,1542,1516,0
29835635,http://searchwell.l3s.uni-hannover.de/en/search.jsf?query=americkej revolu%C4%8Dnej vojne ,"2017-07-25 19:50:33.0",http://searchwell.l3s.uni-hannover.de/?uid=29835635,6659,6645,0
43430725,http://searchwell.l3s.uni-hannover.de/?uid=43430725,"2017-07-25 19:26:43.0",http://gadirajuweb.l3s.uni-hannover.de/SearchWell/ARWar/arwar_task.php?userID=43430725,381725,13958,0
43694802,http://searchwell.l3s.uni-hannover.de/?uid=43694802,"2017-07-25 18:15:53.0",http://gadirajuweb.l3s.uni-hannover.de/SearchWell/ARWar/arwar_task.php?userID=43694802,11807,4018,0
43694802,http://searchwell.l3s.uni-hannover.de/en/search.jsf?query=American Revolutionary War,"2017-07-25 18:16:33.0",http://searchwell.l3s.uni-hannover.de/?uid=43694802,509560,35914,0
43694802,http://en.wikipedia.org.secure.waps.io/wiki/American_Revolutionary_War,"2017-07-25 18:17:59.0",http://searchwell.l3s.uni-hannover.de/en/search.jsf?query=American Revolutionary War,417291,9285,0
43694802,http://www.history.com.waps.io/topics/american-revolution,"2017-07-25 18:19:38.0",http://searchwell.l3s.uni-hannover.de/en/search.jsf?query=American Revolutionary War,328491,20367,0
43694802,http://www.myrevolutionarywar.com.secure.waps.io/,"2017-07-25 18:19:44.0",http://searchwell.l3s.uni-hannover.de/en/search.jsf?query=American Revolutionary War,313068,9749,0
43694802,http://www.britannica.com.secure.waps.io/event/American-Revolution,"2017-07-25 18:22:44.0",http://searchwell.l3s.uni-hannover.de/en/search.jsf?query=American Revolutionary War,138415,4241,0
43687043,http://searchwell.l3s.uni-hannover.de/?uid=43687043,"2017-07-25 18:32:00.0",http://gadirajuweb.l3s.uni-hannover.de/SearchWell/Bees/bees_task.php?userID=43687043,9260,3339,0
43687043,http://searchwell.l3s.uni-hannover.de/en/search.jsf?query=carpenter bees,"2017-07-25 18:32:10.0",http://searchwell.l3s.uni-hannover.de/?uid=43687043,334100,7616,0
43687043,http://searchwell.l3s.uni-hannover.de/?uid=%2043687043,"2017-07-25 19:24:45.0",http://gadirajuweb.l3s.uni-hannover.de/SearchWell/ARWar/arwar_task.php?userID=%2043687043,9235,9180,0
43687043,http://searchwell.l3s.uni-hannover.de/en/search.jsf?query=symptoms,"2017-07-25 19:24:55.0",http://searchwell.l3s.uni-hannover.de/?uid=%2043687043,522880,4125,0
26079868,http://searchwell.l3s.uni-hannover.de/?uid=26079868,"2017-07-25 18:18:03.0",http://gadirajuweb.l3s.uni-hannover.de/SearchWell/ARWar/arwar_task.php?userID=26079868,22591,7706,0
26079868,http://searchwell.l3s.uni-hannover.de/en/search.jsf?query=American Revolutionary War,"2017-07-25 18:18:26.0",http://searchwell.l3s.uni-hannover.de/?uid=26079868,657454,13823,0
26079868,http://en.wikipedia.org.secure.waps.io/wiki/American_Revolutionary_War,"2017-07-25 18:18:53.0",http://searchwell.l3s.uni-hannover.de/en/search.jsf?query=American Revolutionary War,205497,114220,1
26079868,http://en.wikipedia.org.secure.waps.io/wiki/American_Revolution,"2017-07-25 18:22:42.0",http://en.wikipedia.org.secure.waps.io/wiki/American_Revolutionary_War,38015,19700,0
26079868,http://www.myrevolutionarywar.com.secure.waps.io/,"2017-07-25 18:23:29.0",http://searchwell.l3s.uni-hannover.de/en/search.jsf?query=American Revolutionary War,356280,120128,0
28282475,http://searchwell.l3s.uni-hannover.de/?uid=28282475,"2017-07-25 18:48:13.0",http://gadirajuweb.l3s.uni-hannover.de/SearchWell/ARWar/arwar_task.php?userID=28282475,82256,23165,0
28282475,http://searchwell.l3s.uni-hannover.de/en/search.jsf?query=symptoms%2C causes and prevention of altitude sickness,"2017-07-25 18:49:36.0",http://searchwell.l3s.uni-hannover.de/?uid=28282475,27497,12053,0
28282475,http://searchwell.l3s.uni-hannover.de/en/search.jsf?query=American Revolutionary War,"2017-07-25 18:50:04.0",http://searchwell.l3s.uni-hannover.de/en/search.jsf?query=symptoms%2C causes and prevention of altitude sickness,578469,7781,0
28282475,http://en.wikipedia.org.secure.waps.io/wiki/American_Revolutionary_War,"2017-07-25 18:50:27.0",http://searchwell.l3s.uni-hannover.de/en/search.jsf?query=American Revolutionary War,618284,118699,0
36481014,http://searchwell.l3s.uni-hannover.de/?uid=36481014,"2017-07-25 18:21:25.0",http://gadirajuweb.l3s.uni-hannover.de/SearchWell/ARWar/arwar_task.php?userID=36481014,275199,3618,0
36481014,http://searchwell.l3s.uni-hannover.de/en/search.jsf?query=American Revolutionary War,"2017-07-25 18:26:02.0",http://searchwell.l3s.uni-hannover.de/?uid=36481014,425549,46575,0
36481014,http://en.wikipedia.org.secure.waps.io/wiki/American_Revolutionary_War,"2017-07-25 18:28:06.0",http://searchwell.l3s.uni-hannover.de/en/search.jsf?query=American Revolutionary War,290291,51572,0
