39033631,454," American Revolutionary War","2017-07-25 18:19:49.0"
39033631,455," American Revolutionary War","2017-07-25 18:19:54.0"
39033631,455," American Revolutionary War","2017-07-25 18:19:54.0","2017-07-25 18:20:03.0",1,https://en.wikipedia.org/wiki/American_Revolutionary_War,"<b>American Revolutionary War</b> - <b>Wikipedia</b>","The <b>American Revolutionary War</b> (1775–1783), also known as the <b>American War</b> of Independence, was a global <b>war</b> that began as a conflict between Great Britain and her ..."
39033631,455," American Revolutionary War","2017-07-25 18:19:54.0","2017-07-25 18:21:09.0",1,https://en.wikipedia.org/wiki/American_Revolutionary_War,"<b>American Revolutionary War</b> - <b>Wikipedia</b>","The <b>American Revolutionary War</b> (1775–1783), also known as the <b>American War</b> of Independence, was a global <b>war</b> that began as a conflict between Great Britain and her ..."
39033631,464," American Revolutionary War español","2017-07-25 18:22:49.0"
39033631,464," American Revolutionary War español","2017-07-25 18:22:49.0","2017-07-25 18:23:04.0",1,https://en.wikipedia.org/wiki/American_Revolutionary_War,"<b>American Revolutionary War</b> - <b>Wikipedia</b>","The <b>American Revolutionary War</b> (1775–1783), also known as the <b>American War</b> of Independence, was a global <b>war</b> that began as a conflict between Great Britain and ..."
39764508,469,"sintomas causas y prevencion del mal de altura","2017-07-25 18:26:56.0"
39764508,470,"sintomas causas y prevencion del mal de altura","2017-07-25 18:26:59.0"
39764508,470,"sintomas causas y prevencion del mal de altura","2017-07-25 18:26:59.0","2017-07-25 18:27:01.0",2,https://infotratamiento.com/consejos-salud/mal-de-altura/,"Qué es el <b>Mal</b> <b>de</b> <b>Altura</b>? Síntomas, <b>Causas</b> <b>y</b> Prevención","<b>C ausas del mal de altura</b>. La presión atmosférica <b>y</b> por tanto con ella, la presión parcial en oxígeno, ... 3 <b>Causas del mal de altura</b> ; 4 Prevención <b>y</b> cuidados;"
39764508,494,"La guerra revolucionaria americana también se conoce como guerra americana de la libertad","2017-07-25 18:32:17.0"
39764508,494,"La guerra revolucionaria americana también se conoce como guerra americana de la libertad","2017-07-25 18:32:17.0","2017-07-25 18:32:23.0",1,https://es.wikipedia.org/wiki/Guerra_de_Independencia_de_los_Estados_Unidos,"<b>Guerra</b> <b>de</b> Independencia <b>de</b> los <b>Estados Unidos</b> - Wikipedia ...","<b>La guerra de la</b> independencia <b>de Estados Unidos</b> ... (esta operación <b>de</b> transporte <b>se conoce como</b> &quot;noble ... Más tarde Holanda <b>también se</b> unirá a <b>la</b> coalición ..."
39001000,439,"war","2017-07-25 18:16:52.0"
39378680,663,"symptoms, causes and prevention of altitude sickness","2017-07-25 20:10:29.0"
39378680,663,"symptoms, causes and prevention of altitude sickness","2017-07-25 20:10:29.0","2017-07-25 20:11:00.0",1,http://www.healthline.com/health/altitude-sickness,"<b>Altitude Sickness</b>: <b>Causes</b>, <b>Symptoms</b>, and Diagnosis","<b>Altitude sickness</b> is common for travelers ascending to high elevations. Here&#39;s a look at the <b>symptoms</b> and how to <b>prevent</b> it."
39378680,665,"American War ","2017-07-25 20:11:20.0"
39378680,665,"American War ","2017-07-25 20:11:20.0","2017-07-25 20:11:28.0",1,https://en.wikipedia.org/wiki/American_Revolutionary_War,"<b>American Revolutionary War</b> - <b>Wikipedia</b>","The <b>American Revolutionary War</b> (1775–1783), also known as the <b>American War</b> of Independence, was a global <b>war</b> that began as a conflict between Great Britain and her ..."
43703523,430,"american war","2017-07-25 18:14:47.0"
43703523,430,"american war","2017-07-25 18:14:47.0","2017-07-25 18:14:58.0",1,https://en.wikipedia.org/wiki/American_Revolutionary_War,"<b>American Revolutionary War</b> - <b>Wikipedia</b>","The <b>American Revolutionary War</b> (1775–1783), also known as the <b>American War</b> of Independence, was a global <b>war</b> that began as a conflict between Great Britain and her ..."
43222726,689," американской войне","2017-07-25 20:42:44.0"
43222726,690," американской войне ГРАЖДАНСКАЯ","2017-07-25 20:43:10.0"
43222726,690," американской войне ГРАЖДАНСКАЯ","2017-07-25 20:43:10.0","2017-07-25 20:43:13.0",1,https://ru.wikipedia.org/wiki/%D0%93%D1%80%D0%B0%D0%B6%D0%B4%D0%B0%D0%BD%D1%81%D0%BA%D0%B0%D1%8F_%D0%B2%D0%BE%D0%B9%D0%BD%D0%B0_%D0%B2_%D0%A1%D0%A8%D0%90,"<b>Гражданская</b> война в США — Википедия","В этой <b>войне</b> ... 21 октября его части были разбиты у Бэллс-Блаффа недалеко от <b>американской</b> ..."
42262643,539,"American Revolutionary War","2017-07-25 18:48:51.0"
42262643,539,"American Revolutionary War","2017-07-25 18:48:51.0","2017-07-25 18:48:55.0",1,https://en.wikipedia.org/wiki/American_Revolutionary_War,"<b>American Revolutionary War</b> - <b>Wikipedia</b>","The <b>American Revolutionary War</b> (1775–1783), also known as the <b>American War</b> of Independence, was a global <b>war</b> that began as a conflict between Great Britain and her ..."
36377397,536,"American Revolutionary War","2017-07-25 18:46:50.0"
36377397,536,"American Revolutionary War","2017-07-25 18:46:50.0","2017-07-25 18:46:54.0",1,https://en.wikipedia.org/wiki/American_Revolutionary_War,"<b>American Revolutionary War</b> - <b>Wikipedia</b>","The <b>American Revolutionary War</b> (1775–1783), also known as the <b>American War</b> of Independence, was a global <b>war</b> that began as a conflict between Great Britain and her ..."
36377397,536,"American Revolutionary War","2017-07-25 18:46:50.0","2017-07-25 18:49:43.0",2,http://www.history.com/topics/american-revolution,"<b>American Revolution</b> - Battles, Facts &amp; Pictures - <b>History.com</b>","<b>American Revolution</b>. The <b>war</b> of independence waged by the <b>American</b> colonies against Britain influenced political ideas and revolutions around the globe, as a ..."
36377397,536,"American Revolutionary War","2017-07-25 18:46:50.0","2017-07-25 18:49:59.0",4,http://www.newworldencyclopedia.org/entry/American_Revolutionary_War,"<b>American Revolutionary War</b> - <b>New World Encyclopedia</b>","The <b>American Revolutionary War</b> (1775–1783), also known as the <b>American War</b> of Independence, was the military component of the <b>American Revolution</b>. It was fought ..."
36377397,536,"American Revolutionary War","2017-07-25 18:46:50.0","2017-07-25 18:50:44.0",5,https://www.britannica.com/event/American-Revolution,"<b>American Revolution</b> | Causes, Battles, Aftermath, &amp; Facts ...","<b>American Revolution</b>, also called United States <b>War</b> of Independence or <b>American Revolutionary War</b>, (1775–83), insurrection by which 13 of Great Britain ’s North ..."
41584251,671,"Guerra Revolucionária Americana","2017-07-25 20:15:56.0"
11582908,577,"American Revolutionary War","2017-07-25 19:15:00.0"
11582908,577,"American Revolutionary War","2017-07-25 19:15:00.0","2017-07-25 19:15:05.0",1,https://en.wikipedia.org/wiki/American_Revolutionary_War,"<b>American Revolutionary War</b> - <b>Wikipedia</b>","The <b>American Revolutionary War</b> (1775–1783), also known as the <b>American War</b> of Independence, was a global <b>war</b> that began as a conflict between Great Britain and her ..."
43026943,459,"war of freedom","2017-07-25 18:21:20.0"
43026943,459,"war of freedom","2017-07-25 18:21:20.0","2017-07-25 18:21:34.0",1,https://www.nps.gov/features/warforfreedom/,"<b>War for Freedom</b> - <b>National Park Service</b>","<b>War for Freedom</b>: African Americans in the Era of the Civil <b>War</b>. In the four years of the American Civil <b>War</b>, the United States began to redeem itself from the 250 ..."
35912362,533,"guerra revolucionaria americana","2017-07-25 18:45:58.0"
35912362,533,"guerra revolucionaria americana","2017-07-25 18:45:58.0","2017-07-25 18:46:01.0",1,https://es.wikipedia.org/wiki/Guerra_de_Independencia_de_los_Estados_Unidos,"<b>Guerra</b> de Independencia de los <b>Estados Unidos</b> - Wikipedia ...","La <b>guerra</b> de Independencia de los <b>Estados Unidos</b> fue un conflicto que enfrentó a las Trece Colonias británicas originales en América del Norte contra el Reino de ..."
36201092,448,"Guerra Revolucionaria Americana","2017-07-25 18:18:39.0"
36201092,448,"Guerra Revolucionaria Americana","2017-07-25 18:18:39.0","2017-07-25 18:18:49.0",1,https://es.wikipedia.org/wiki/Guerra_de_Independencia_de_los_Estados_Unidos,"<b>Guerra</b> de Independencia de los <b>Estados Unidos</b> - Wikipedia ...","La <b>guerra</b> de Independencia de los <b>Estados Unidos</b> fue un conflicto que enfrentó a las Trece Colonias británicas originales en América del Norte contra el Reino de ..."
33792477,443,"American Revolutionary War","2017-07-25 18:17:46.0"
33792477,443,"American Revolutionary War","2017-07-25 18:17:46.0","2017-07-25 18:18:30.0",1,https://en.wikipedia.org/wiki/American_Revolutionary_War,"<b>American Revolutionary War</b> - <b>Wikipedia</b>","The <b>American Revolutionary War</b> (1775–1783), also known as the <b>American War</b> of Independence, was a global <b>war</b> that began as a conflict between Great Britain and her ..."
33792477,443,"American Revolutionary War","2017-07-25 18:17:46.0","2017-07-25 18:20:53.0",27,http://loc.gov/teachers/classroommaterials/presentationsandactivities/presentations/timeline/amrev/,"The <b>American</b> <b>Revolution</b>- <b>American</b> Memory Timeline ...","The <b>American Revolution</b> timeline covers the lead up to the <b>Revolution</b>, key battles, ... During the first two years of the <b>Revolutionary War</b>, ..."
39616594,538,"American Revolutionary War","2017-07-25 18:48:28.0"
39616594,538,"American Revolutionary War","2017-07-25 18:48:28.0","2017-07-25 18:48:35.0",1,https://en.wikipedia.org/wiki/American_Revolutionary_War,"<b>American Revolutionary War</b> - <b>Wikipedia</b>","The <b>American Revolutionary War</b> (1775–1783), also known as the <b>American War</b> of Independence, was a global <b>war</b> that began as a conflict between Great Britain and her ..."
39616594,538,"American Revolutionary War","2017-07-25 18:48:28.0","2017-07-25 18:51:44.0",2,http://www.history.com/topics/american-revolution,"<b>American Revolution</b> - Battles, Facts &amp; Pictures - <b>History.com</b>","<b>American Revolution</b>. The <b>war</b> of independence waged by the <b>American</b> colonies against Britain influenced political ideas and revolutions around the globe, as a ..."
39616594,538,"American Revolutionary War","2017-07-25 18:48:28.0","2017-07-25 18:52:46.0",3,https://www.myrevolutionarywar.com/,"The <b>American Revolutionary War</b>","<b>American Revolutionary War</b> (1775-1783), also known as the <b>American War</b> of Independence, was a <b>war</b> between the Kingdom of Great Britain and thirteen British colonies"
40431824,466,"american revolution war","2017-07-25 18:24:32.0"
40431824,466,"american revolution war","2017-07-25 18:24:32.0","2017-07-25 18:25:18.0",4,https://www.britannica.com/event/American-Revolution,"<b>American Revolution</b> | Causes, Battles, Aftermath, &amp; Facts ...","<b>American Revolution</b>, also called United States <b>War</b> of Independence or <b>American Revolutionary War</b>, (1775–83), insurrection by which 13 of Great Britain ’s North ..."
38775014,437,"American Revolutionary War","2017-07-25 18:16:33.0"
38775014,437,"American Revolutionary War","2017-07-25 18:16:33.0","2017-07-25 18:16:43.0",1,https://en.wikipedia.org/wiki/American_Revolutionary_War,"<b>American Revolutionary War</b> - <b>Wikipedia</b>","The <b>American Revolutionary War</b> (1775–1783), also known as the <b>American War</b> of Independence, was a global <b>war</b> that began as a conflict between Great Britain and her ..."
38775014,437,"American Revolutionary War","2017-07-25 18:16:33.0","2017-07-25 18:16:45.0",2,http://www.history.com/topics/american-revolution,"<b>American Revolution</b> - Battles, Facts &amp; Pictures - <b>History.com</b>","<b>American Revolution</b>. The <b>war</b> of independence waged by the <b>American</b> colonies against Britain influenced political ideas and revolutions around the globe, as a ..."
38775014,437,"American Revolutionary War","2017-07-25 18:16:33.0","2017-07-25 18:16:45.0",2,http://www.history.com/topics/american-revolution,"<b>American Revolution</b> - Battles, Facts &amp; Pictures - <b>History.com</b>","<b>American Revolution</b>. The <b>war</b> of independence waged by the <b>American</b> colonies against Britain influenced political ideas and revolutions around the globe, as a ..."
38775014,437,"American Revolutionary War","2017-07-25 18:16:33.0","2017-07-25 18:16:48.0",3,https://www.myrevolutionarywar.com/,"The <b>American Revolutionary War</b>","<b>American Revolutionary War</b> (1775-1783), also known as the <b>American War</b> of Independence, was a <b>war</b> between the Kingdom of Great Britain and thirteen British colonies"
42861604,579,"American Revolutionary War","2017-07-25 19:18:46.0"
41857441,687,"American Revolutionary War","2017-07-25 20:32:03.0"
41857441,687,"American Revolutionary War","2017-07-25 20:32:03.0","2017-07-25 20:32:06.0",1,https://en.wikipedia.org/wiki/American_Revolutionary_War,"<b>American Revolutionary War</b> - <b>Wikipedia</b>","The <b>American Revolutionary War</b> (1775–1783), also known as the <b>American War</b> of Independence, was a global <b>war</b> that began as a conflict between Great Britain and her ..."
41857441,687,"American Revolutionary War","2017-07-25 20:32:03.0","2017-07-25 20:34:56.0",5,https://www.britannica.com/event/American-Revolution,"<b>American Revolution</b> | Causes, Battles, Aftermath, &amp; Facts ...","<b>American Revolution</b>, also called United States <b>War</b> of Independence or <b>American Revolutionary War</b>, (1775–83), insurrection by which 13 of Great Britain ’s North ..."
43530879,555,"american revolutionary war patriot","2017-07-25 19:02:49.0"
43530879,556,"american revolutionary war ","2017-07-25 19:02:56.0"
43530879,556,"american revolutionary war ","2017-07-25 19:02:56.0","2017-07-25 19:02:58.0",1,https://en.wikipedia.org/wiki/American_Revolutionary_War,"<b>American Revolutionary War</b> - <b>Wikipedia</b>","The <b>American Revolutionary War</b> (1775–1783), also known as the <b>American War</b> of Independence, was a global <b>war</b> that began as a conflict between Great Britain and her ..."
43530879,556,"american revolutionary war ","2017-07-25 19:02:56.0","2017-07-25 19:03:34.0",3,https://www.myrevolutionarywar.com/,"The <b>American Revolutionary War</b>","<b>American Revolutionary War</b> (1775-1783), also known as the <b>American War</b> of Independence, was a <b>war</b> between the Kingdom of Great Britain and thirteen British colonies"
43530879,556,"american revolutionary war ","2017-07-25 19:02:56.0","2017-07-25 19:04:32.0",6,http://www.ushistory.org/declaration/revwartimeline.html,"Timeline of the <b>American Revolutionary War</b> - <b>US History</b>","A timeline of the events of the <b>American Revolution</b>, from the French and Indian <b>War</b> up through the drafting and ratification of the Constitutuion"
36181479,444,"американская революция с 1773","2017-07-25 18:18:17.0"
36181479,444,"американская революция с 1773","2017-07-25 18:18:17.0","2017-07-25 18:18:25.0",1,https://ru.wikipedia.org/wiki/%C0%EC%E5%F0%E8%EA%E0%ED%F1%EA%E0%FF_%F0%E5%E2%EE%EB%FE%F6%E8%FF,"<b>Американская</b> <b>революция</b> — Википедия","<b>Американская революция</b> — политические ... А в <b>1773</b> году ... <b>С</b> 1775 по 1778 ..."
36181479,444,"американская революция с 1773","2017-07-25 18:18:17.0","2017-07-25 18:19:08.0",2,https://ru.wikipedia.org/wiki/%C1%EE%F1%F2%EE%ED%F1%EA%EE%E5_%F7%E0%E5%EF%E8%F2%E8%E5,"Бостонское чаепитие — Википедия","<b>С</b> 1771 по <b>1773</b> год Британский чай был ещё раз импортирован в колонии в существенном ..."
36181479,444,"американская революция с 1773","2017-07-25 18:18:17.0","2017-07-25 18:19:14.0",3,https://chrontime.com/sobytiya-amerikanskaya-revolyuciya,"<b>Американская</b> <b>революция</b> - Хронтайм","<b>Американская революция</b>. <b>Американская</b> ... американцев мириться <b>с</b> навязанными ... <b>1773</b> - 1775 годы ..."
36181479,444,"американская революция с 1773","2017-07-25 18:18:17.0","2017-07-25 18:19:58.0",4,http://gufo.me/content_his/amerikanskaja-burzhuaznaja-revoljucija-33666.html,"<b>Американская</b> Буржуазная <b>Революция</b>","Основной предпосылкой разрыва тринадцати колоний <b>с</b> ... <b>Американская революция</b> ... Весной <b>1773</b> ..."
36181479,444,"американская революция с 1773","2017-07-25 18:18:17.0","2017-07-25 18:20:31.0",5,http://www.lki.ru/text.php?id=4584,"ЛКИ| <b>Американская</b> <b>революция</b> - ЛЕТОПИСЬ","<b>Американская революция</b> ... В декабре <b>1773</b> г. в Бостоне ... <b>С</b> самого начала в рядах ..."
36181479,476,"Нидерланды получили значительную независимость","2017-07-25 18:29:42.0"
36181479,479,"Нидерланды получили значительную независимость а в результате американской революции","2017-07-25 18:30:20.0"
36181479,479,"Нидерланды получили значительную независимость а в результате американской революции","2017-07-25 18:30:20.0","2017-07-25 18:30:29.0",1,https://ru.wikipedia.org/wiki/%D0%98%D1%81%D1%82%D0%BE%D1%80%D0%B8%D1%8F_%D0%9D%D0%B8%D0%B4%D0%B5%D1%80%D0%BB%D0%B0%D0%BD%D0%B4%D0%BE%D0%B2,"История Нидерландов — Википедия","... за <b>независимость</b>, <b>а</b> ... <b>в</b> подавлении <b>революции</b>. ... <b>в Нидерланды</b>. <b>В результате</b> ..."
36181479,490,"королевство майсур","2017-07-25 18:32:02.0"
36181479,490,"королевство майсур","2017-07-25 18:32:02.0","2017-07-25 18:32:11.0",1,http://ru.knowledgr.com/00575606/%d0%9a%d0%be%d1%80%d0%be%d0%bb%d0%b5%d0%b2%d1%81%d1%82%d0%b2%d0%be%d0%9c%d0%b0%d0%b9%d1%81%d1%83%d1%80,"<b>Королевство Майсур</b> • ru.knowledgr.com","<b>Королевство Майсур</b> было королевством южной Индии, которая, как традиционно полагают, была ..."
41187179,544,"independence on July 2, 1776","2017-07-25 18:51:16.0"
41187179,544,"independence on July 2, 1776","2017-07-25 18:51:16.0","2017-07-25 18:51:24.0",2,http://www.history.com/this-day-in-history/congress-votes-for-independence,"<b>Congress votes for independence</b> - Jul 02, <b>1776</b> - <b>HISTORY.com</b>","<b>Congress votes for independence</b>. Author. <b>History.com</b> Staff. Website Name. <b>History.com</b>. ... <b>On July</b> 1, <b>1776</b>, debate on the Lee Resolution resumed as planned, ..."
41187179,544,"independence on July 2, 1776","2017-07-25 18:51:16.0","2017-07-25 18:51:40.0",3,https://en.wikipedia.org/wiki/Independence_Day_%28United_States%29,"<b>Independence Day</b> (United States) - <b>Wikipedia</b>","Most historians have concluded that the Declaration was signed nearly a month after its adoption, on August <b>2</b>, <b>1776</b>, and not <b>on July</b> 4 as is commonly ..."
41187179,544,"independence on July 2, 1776","2017-07-25 18:51:16.0","2017-07-25 18:52:19.0",4,https://www.washingtonpost.com/news/answer-sheet/wp/2016/07/01/is-july-2-the-true-independence-day-john-adams-thought-so/,"Is <b>July</b> <b>2</b> America’s <b>true Independence Day? John Adams</b> ...","Is <b>July 2</b> America’s <b>true Independence Day? John Adams thought</b> so. ... Because it was <b>on July 2</b>, <b>1776</b>, ... So why do we celebrate <b>July</b> 4 as <b>Independence</b> Day?"
41187179,544,"independence on July 2, 1776","2017-07-25 18:51:16.0","2017-07-25 18:52:33.0",3,https://en.wikipedia.org/wiki/Independence_Day_%28United_States%29,"<b>Independence Day</b> (United States) - <b>Wikipedia</b>","Most historians have concluded that the Declaration was signed nearly a month after its adoption, on August <b>2</b>, <b>1776</b>, and not <b>on July</b> 4 as is commonly ..."
41187179,544,"independence on July 2, 1776","2017-07-25 18:51:16.0","2017-07-25 18:53:27.0",5,https://constitutioncenter.org/blog/when-is-the-real-independence-day-july-2-or-july-4/,"When is the real <b>Independence</b> Day: <b>July</b> <b>2</b> or <b>July</b> 4 ...","There’s no doubt the Founding Fathers signed the Declaration of <b>Independence</b> in <b>July 1776</b>. But which date has the legitimate claim on <b>Independence</b> Day: <b>July 2</b> or ..."
41187179,544,"independence on July 2, 1776","2017-07-25 18:51:16.0","2017-07-25 18:54:53.0",6,https://en.wikipedia.org/wiki/United_States_Declaration_of_Independence,"<b>United States Declaration of Independence</b> - <b>Wikipedia</b>","By the time that the Declaration of <b>Independence</b> was adopted in <b>July 1776</b>, ... These declarations echoed the <b>United States Declaration of Independence</b> in ..."
41187179,544,"independence on July 2, 1776","2017-07-25 18:51:16.0","2017-07-25 18:56:04.0",8,http://heavy.com/news/2016/07/july-4-1776-first-independence-day/,"<b>July 4, 1776, First Independence Day</b>: 5 Fast Facts You ...","<b>July</b> 4, <b>1776</b>, is the day that the US adopted the Declaration of <b>Independence</b>, and freed themselves from British rule. Learn more about the history behind <b>Independence</b> ..."
41187179,544,"independence on July 2, 1776","2017-07-25 18:51:16.0","2017-07-25 18:56:27.0",11,http://www.history.com/this-day-in-history/u-s-declares-independence,"U.S. <b>declares independence</b> - Jul 04, <b>1776</b> - <b>HISTORY.com</b>","This Day in <b>History</b>: 07/04/<b>1776</b> - U.S. <b>Declares Independence</b>. In This Day in <b>History</b> video clip: ... <b>History</b> of the Fourth of <b>July</b>. video Play video. The Origin of ..."
42607909,457,"symptoms, causes and prevention of altitude sickness","2017-07-25 18:21:09.0"
42607909,457,"symptoms, causes and prevention of altitude sickness","2017-07-25 18:21:09.0","2017-07-25 18:21:54.0",1,http://www.healthline.com/health/altitude-sickness,"<b>Altitude Sickness</b>: <b>Causes</b>, <b>Symptoms</b>, and Diagnosis","<b>Altitude sickness</b> is common for travelers ascending to high elevations. Here&#39;s a look at the <b>symptoms</b> and how to <b>prevent</b> it."
42607909,457,"symptoms, causes and prevention of altitude sickness","2017-07-25 18:21:09.0","2017-07-25 18:21:56.0",2,https://www.drugs.com/health-guide/altitude-sickness.html,"<b>Altitude Sickness</b> Guide: <b>Causes</b>, <b>Symptoms</b> <b>and Treatment</b> ...","<b>Altitude Sickness</b> - an easy to understand guide covering <b>causes</b>, diagnosis, <b>symptoms</b>, <b>treatment and prevention</b> plus additional in depth medical information."
42607909,457,"symptoms, causes and prevention of altitude sickness","2017-07-25 18:21:09.0","2017-07-25 18:21:58.0",4,https://en.wikipedia.org/wiki/Altitude_sickness,"<b>Altitude sickness</b> - <b>Wikipedia</b>","The most serious <b>symptoms of altitude sickness</b> arise ... <b>cause of altitude</b>-induced edema is ... that sumatriptan may help <b>prevent altitude sickness</b>. ..."
42607909,460,"symptoms, causes and prevention of altitude sickness","2017-07-25 18:21:22.0"
42082819,445,"Guerra Revolucionaria Americana","2017-07-25 18:18:17.0"
42082819,445,"Guerra Revolucionaria Americana","2017-07-25 18:18:17.0","2017-07-25 18:18:26.0",1,https://es.wikipedia.org/wiki/Guerra_de_Independencia_de_los_Estados_Unidos,"<b>Guerra</b> de Independencia de los <b>Estados Unidos</b> - Wikipedia ...","La <b>guerra</b> de Independencia de los <b>Estados Unidos</b> fue un conflicto que enfrentó a las Trece Colonias británicas originales en América del Norte contra el Reino de ..."
42082819,445,"Guerra Revolucionaria Americana","2017-07-25 18:18:17.0","2017-07-25 18:20:15.0",2,https://pt.wikipedia.org/wiki/Guerra_Revolucion%C3%A1ria_Americana,"<b>Guerra</b> de Independência dos <b>Estados Unidos</b> – Wikipédia, a ...","<b>Guerra</b> de Independência <b>Americana</b>; Data: 19 de abril de 1775 – 3 de setembro de 1783: Local: Costa leste da América do Norte, Oceano Atlântico, Mar Mediterrâneo ..."
42082819,467," El Reino de Mysore entró en la guerra contra Gran Bretaña en 1780","2017-07-25 18:25:15.0"
42082819,467," El Reino de Mysore entró en la guerra contra Gran Bretaña en 1780","2017-07-25 18:25:15.0","2017-07-25 18:25:24.0",2,https://es.wikipedia.org/wiki/Segunda_Guerra_Anglo-Mysore,"Segunda <b>guerra</b> anglo-<b>mysore</b> - Wikipedia, <b>la</b> enciclopedia libre","... <b>de</b> las Indias Orientales y <b>el Reino de Mysore</b>, durante los años <b>1780</b> y ... y con <b>la</b> declaración <b>de guerra de</b> Francia <b>contra Gran Bretaña en</b> ..."
6714482,543,"american revolutionary war","2017-07-25 18:50:49.0"
6714482,543,"american revolutionary war","2017-07-25 18:50:49.0","2017-07-25 18:51:06.0",1,https://en.wikipedia.org/wiki/American_Revolutionary_War,"<b>American Revolutionary War</b> - <b>Wikipedia</b>","The <b>American Revolutionary War</b> (1775–1783), also known as the <b>American War</b> of Independence, was a global <b>war</b> that began as a conflict between Great Britain and her ..."
6714482,543,"american revolutionary war","2017-07-25 18:50:49.0","2017-07-25 18:57:35.0",1,https://en.wikipedia.org/wiki/American_Revolutionary_War,"<b>American Revolutionary War</b> - <b>Wikipedia</b>","The <b>American Revolutionary War</b> (1775–1783), also known as the <b>American War</b> of Independence, was a global <b>war</b> that began as a conflict between Great Britain and her ..."
40102852,425,"American Revolutionary War","2017-07-25 18:14:39.0"
40102852,426,"American Revolutionary War","2017-07-25 18:14:40.0"
40102852,426,"American Revolutionary War","2017-07-25 18:14:40.0","2017-07-25 18:14:46.0",1,https://en.wikipedia.org/wiki/American_Revolutionary_War,"<b>American Revolutionary War</b> - <b>Wikipedia</b>","The <b>American Revolutionary War</b> (1775–1783), also known as the <b>American War</b> of Independence, was a global <b>war</b> that began as a conflict between Great Britain and her ..."
40102852,449,"American Revolutionary War","2017-07-25 18:18:43.0"
40102852,449,"American Revolutionary War","2017-07-25 18:18:43.0","2017-07-25 18:18:46.0",4,http://www.newworldencyclopedia.org/entry/American_Revolutionary_War,"<b>American Revolutionary War</b> - <b>New World Encyclopedia</b>","The <b>American Revolutionary War</b> (1775–1783), also known as the <b>American War</b> of Independence, was the military component of the <b>American Revolution</b>. It was fought ..."
41551427,580,"american revolutionary war generals","2017-07-25 19:20:01.0"
35783314,707," American Revolutionary War","2017-07-25 21:11:35.0"
35783314,707," American Revolutionary War","2017-07-25 21:11:35.0","2017-07-25 21:12:08.0",1,https://en.wikipedia.org/wiki/American_Revolutionary_War,"<b>American Revolutionary War</b> - <b>Wikipedia</b>","The <b>American Revolutionary War</b> (1775–1783), also known as the <b>American War</b> of Independence, was a global <b>war</b> that began as a conflict between Great Britain and her ..."
41676176,451," Guerra Revolucionaria Americana","2017-07-25 18:19:00.0"
41676176,451," Guerra Revolucionaria Americana","2017-07-25 18:19:00.0","2017-07-25 18:19:09.0",1,https://es.wikipedia.org/wiki/Guerra_de_Independencia_de_los_Estados_Unidos,"<b>Guerra</b> de Independencia de los <b>Estados Unidos</b> - Wikipedia ...","La <b>guerra</b> de Independencia de los <b>Estados Unidos</b> fue un conflicto que enfrentó a las Trece Colonias británicas originales en América del Norte contra el Reino de ..."
41676176,451," Guerra Revolucionaria Americana","2017-07-25 18:19:00.0","2017-07-25 18:21:13.0",2,https://pt.wikipedia.org/wiki/Guerra_Revolucion%C3%A1ria_Americana,"<b>Guerra</b> de Independência dos <b>Estados Unidos</b> – Wikipédia, a ...","<b>Guerra</b> de Independência <b>Americana</b>; Data: 19 de abril de 1775 – 3 de setembro de 1783: Local: Costa leste da América do Norte, Oceano Atlântico, Mar Mediterrâneo ..."
41676176,451," Guerra Revolucionaria Americana","2017-07-25 18:19:00.0","2017-07-25 18:21:20.0",4,https://prezi.com/hsal48jpgwex/guerra-revolucionaria-americana/,"<b>Guerra</b> Revolucionária <b>Americana</b> by Leonardo G. M. on Prezi","Transcript of <b>Guerra</b> Revolucionária <b>Americana</b>. Independência dos <b>Estados Unidos</b> 1775 - 1783 Quais diferenças você enxerga nesses dois exércitos? 40% Patriotas"
25411600,431,"american revolutionary war","2017-07-25 18:14:49.0"
25411600,431,"american revolutionary war","2017-07-25 18:14:49.0","2017-07-25 18:15:08.0",1,https://en.wikipedia.org/wiki/American_Revolutionary_War,"<b>American Revolutionary War</b> - <b>Wikipedia</b>","The <b>American Revolutionary War</b> (1775–1783), also known as the <b>American War</b> of Independence, was a global <b>war</b> that began as a conflict between Great Britain and her ..."
25411600,431,"american revolutionary war","2017-07-25 18:14:49.0","2017-07-25 18:18:43.0",2,http://www.history.com/topics/american-revolution,"<b>American Revolution</b> - Battles, Facts &amp; Pictures - <b>History.com</b>","<b>American Revolution</b>. The <b>war</b> of independence waged by the <b>American</b> colonies against Britain influenced political ideas and revolutions around the globe, as a ..."
31265048,535,"Guerra Revolucionaria Americana","2017-07-25 18:46:48.0"
31265048,535,"Guerra Revolucionaria Americana","2017-07-25 18:46:48.0","2017-07-25 18:46:53.0",1,https://es.wikipedia.org/wiki/Guerra_de_Independencia_de_los_Estados_Unidos,"<b>Guerra</b> de Independencia de los <b>Estados Unidos</b> - Wikipedia ...","La <b>guerra</b> de Independencia de los <b>Estados Unidos</b> fue un conflicto que enfrentó a las Trece Colonias británicas originales en América del Norte contra el Reino de ..."
36113457,433,"American Revolutionary War","2017-07-25 18:15:37.0"
36113457,433,"American Revolutionary War","2017-07-25 18:15:37.0","2017-07-25 18:15:43.0",1,https://en.wikipedia.org/wiki/American_Revolutionary_War,"<b>American Revolutionary War</b> - <b>Wikipedia</b>","The <b>American Revolutionary War</b> (1775–1783), also known as the <b>American War</b> of Independence, was a global <b>war</b> that began as a conflict between Great Britain and her ..."
39119481,587,"американская война за независимость","2017-07-25 19:28:06.0"
39119481,587,"американская война за независимость","2017-07-25 19:28:06.0","2017-07-25 19:28:13.0",1,https://ru.wikipedia.org/wiki/%D0%92%D0%BE%D0%B9%D0%BD%D0%B0_%D0%B7%D0%B0_%D0%BD%D0%B5%D0%B7%D0%B0%D0%B2%D0%B8%D1%81%D0%B8%D0%BC%D0%BE%D1%81%D1%82%D1%8C_%D0%A1%D0%A8%D0%90,"<b>Война</b> <b>за</b> <b>независимость</b> США — Википедия","<b>Война за независимость</b> ... <b>Американская</b> армия была разбита и отступила на Бруклинские ..."
39119481,587,"американская война за независимость","2017-07-25 19:28:06.0","2017-07-25 19:28:17.0",2,http://usa-info.com.ua/history/independence_war.html,"<b>Война</b> <b>за</b> <b>независимость</b> США","<b>Война за независимость</b> США или <b>Американская</b> революционная <b>война</b> 1775 - 1783 г.г."
39119481,587,"американская война за независимость","2017-07-25 19:28:06.0","2017-07-25 19:37:07.0",6,http://ru.knowledgr.com/00000138/%d0%90%d0%bc%d0%b5%d1%80%d0%b8%d0%ba%d0%b0%d0%bd%d1%81%d0%ba%d0%b0%d1%8f%d0%92%d0%be%d0%b9%d0%bd%d0%b0%d0%97%d0%b0%d0%9d%d0%b5%d0%b7%d0%b0%d0%b2%d0%b8%d1%81%d0%b8%d0%bc%d0%be%d1%81%d1%82%d1%8c,"<b>Американская война за независимость</b> • ru.knowledgr.com","<b>Американская война за независимость</b> (1775–1783), <b>американская война</b> Независимости, или просто ..."
43476534,441,"Guerra de la independencia americana","2017-07-25 18:17:23.0"
43476534,442,"Guerra de la independencia americana","2017-07-25 18:17:23.0"
43476534,442,"Guerra de la independencia americana","2017-07-25 18:17:23.0","2017-07-25 18:18:22.0",1,https://es.wikipedia.org/wiki/Guerra_de_Independencia_de_los_Estados_Unidos,"<b>Guerra</b> <b>de</b> <b>Independencia</b> <b>de</b> los <b>Estados Unidos</b> - Wikipedia ...","<b>La guerra de Independencia de</b> los <b>Estados Unidos</b> fue un conflicto que enfrentó a las Trece Colonias británicas originales en América del Norte contra el Reino <b>de</b> ..."
43476534,452,"symptoms, causes and prevention of altitude sickness","2017-07-25 18:19:04.0"
43476534,452,"symptoms, causes and prevention of altitude sickness","2017-07-25 18:19:04.0","2017-07-25 18:19:06.0",1,http://www.healthline.com/health/altitude-sickness,"<b>Altitude Sickness</b>: <b>Causes</b>, <b>Symptoms</b>, and Diagnosis","<b>Altitude sickness</b> is common for travelers ascending to high elevations. Here&#39;s a look at the <b>symptoms</b> and how to <b>prevent</b> it."
33434416,456,"the american revolutionary war","2017-07-25 18:21:04.0"
33434416,456,"the american revolutionary war","2017-07-25 18:21:04.0","2017-07-25 18:21:42.0",1,https://en.wikipedia.org/wiki/American_Revolutionary_War,"<b>American Revolutionary War</b> - <b>Wikipedia</b>","<b>The American Revolutionary War</b> (1775–1783), also known as <b>the American War</b> of Independence, was a global <b>war</b> that began as a conflict between Great Britain and her ..."
43125608,526,"Amerikan Devrim Savaşı","2017-07-25 18:41:47.0"
43125608,526,"Amerikan Devrim Savaşı","2017-07-25 18:41:47.0","2017-07-25 18:41:53.0",1,https://www.msxlabs.org/forum/tarih/370611-amerikan-devrimi-ve-bagimsizlik-savasi.html,"<b>Amerikan</b> Devrimi ve Bağımsızlık <b>Savaşı</b> - msxlabs.org","<b>Amerikan</b> Devrimi ve Bağımsızlık <b>Savaşı Amerikan</b> Devrimi olarak da bilinen <b>Amerikan</b> Bağımsızlık <b>Savaşı</b>, 1775–1783 yılları ... ... <b>Devrim</b> dönemi, ..."
43125608,526,"Amerikan Devrim Savaşı","2017-07-25 18:41:47.0","2017-07-25 18:46:44.0",1,https://www.msxlabs.org/forum/tarih/370611-amerikan-devrimi-ve-bagimsizlik-savasi.html,"<b>Amerikan</b> Devrimi ve Bağımsızlık <b>Savaşı</b> - msxlabs.org","<b>Amerikan</b> Devrimi ve Bağımsızlık <b>Savaşı Amerikan</b> Devrimi olarak da bilinen <b>Amerikan</b> Bağımsızlık <b>Savaşı</b>, 1775–1783 yılları ... ... <b>Devrim</b> dönemi, ..."
43392254,438,"American Revolutionary War","2017-07-25 18:16:50.0"
43392254,438,"American Revolutionary War","2017-07-25 18:16:50.0","2017-07-25 18:16:56.0",1,https://en.wikipedia.org/wiki/American_Revolutionary_War,"<b>American Revolutionary War</b> - <b>Wikipedia</b>","The <b>American Revolutionary War</b> (1775–1783), also known as the <b>American War</b> of Independence, was a global <b>war</b> that began as a conflict between Great Britain and her ..."
43392254,438,"American Revolutionary War","2017-07-25 18:16:50.0","2017-07-25 18:16:57.0",1,https://en.wikipedia.org/wiki/American_Revolutionary_War,"<b>American Revolutionary War</b> - <b>Wikipedia</b>","The <b>American Revolutionary War</b> (1775–1783), also known as the <b>American War</b> of Independence, was a global <b>war</b> that began as a conflict between Great Britain and her ..."
38030580,440,"American Revolutionary War","2017-07-25 18:16:55.0"
38030580,440,"American Revolutionary War","2017-07-25 18:16:55.0","2017-07-25 18:17:11.0",1,https://en.wikipedia.org/wiki/American_Revolutionary_War,"<b>American Revolutionary War</b> - <b>Wikipedia</b>","The <b>American Revolutionary War</b> (1775–1783), also known as the <b>American War</b> of Independence, was a global <b>war</b> that began as a conflict between Great Britain and her ..."
38030580,440,"American Revolutionary War","2017-07-25 18:16:55.0","2017-07-25 18:18:29.0",3,https://www.myrevolutionarywar.com/,"The <b>American Revolutionary War</b>","<b>American Revolutionary War</b> (1775-1783), also known as the <b>American War</b> of Independence, was a <b>war</b> between the Kingdom of Great Britain and thirteen British colonies"
39381568,429,"american revolutionary war","2017-07-25 18:14:47.0"
39381568,429,"american revolutionary war","2017-07-25 18:14:47.0","2017-07-25 18:15:08.0",1,https://en.wikipedia.org/wiki/American_Revolutionary_War,"<b>American Revolutionary War</b> - <b>Wikipedia</b>","The <b>American Revolutionary War</b> (1775–1783), also known as the <b>American War</b> of Independence, was a global <b>war</b> that began as a conflict between Great Britain and her ..."
39381568,429,"american revolutionary war","2017-07-25 18:14:47.0","2017-07-25 18:15:29.0",2,http://www.history.com/topics/american-revolution,"<b>American Revolution</b> - Battles, Facts &amp; Pictures - <b>History.com</b>","<b>American Revolution</b>. The <b>war</b> of independence waged by the <b>American</b> colonies against Britain influenced political ideas and revolutions around the globe, as a ..."
39381568,429,"american revolutionary war","2017-07-25 18:14:47.0","2017-07-25 18:18:36.0",3,https://www.myrevolutionarywar.com/,"The <b>American Revolutionary War</b>","<b>American Revolutionary War</b> (1775-1783), also known as the <b>American War</b> of Independence, was a <b>war</b> between the Kingdom of Great Britain and thirteen British colonies"
39381568,429,"american revolutionary war","2017-07-25 18:14:47.0","2017-07-25 18:18:48.0",1,https://en.wikipedia.org/wiki/American_Revolutionary_War,"<b>American Revolutionary War</b> - <b>Wikipedia</b>","The <b>American Revolutionary War</b> (1775–1783), also known as the <b>American War</b> of Independence, was a global <b>war</b> that began as a conflict between Great Britain and her ..."
36972337,435,"American Revolutionary ","2017-07-25 18:15:51.0"
36972337,435,"American Revolutionary ","2017-07-25 18:15:51.0","2017-07-25 18:15:56.0",1,https://en.wikipedia.org/wiki/American_Revolution,"<b>American Revolution</b> - <b>Wikipedia</b>","The <b>American Revolution</b> was a colonial revolt that took place between 1765 and 1783. The <b>American</b> Patriots in the Thirteen Colonies won independence from ..."
29835635,601,"americkej revolučnej vojne ","2017-07-25 19:45:24.0"
29835635,601,"americkej revolučnej vojne ","2017-07-25 19:45:24.0","2017-07-25 19:45:26.0",1,http://referaty.atlas.sk/vseobecne-humanitne/dejepis/42857/?print=1,"Referaty.sk - Vojna amerických kolónií za nezávislosť","Bola to prvá bitka v <b>Americkej Revolučnej Vojne</b>, a okamžite správa vyburcovala 13 kolónii, ktoré povolali domobranu a vyslali jednotky obliehať Boston."
29835635,601,"americkej revolučnej vojne ","2017-07-25 19:45:24.0","2017-07-25 19:46:27.0",1,http://referaty.atlas.sk/vseobecne-humanitne/dejepis/42857/?print=1,"Referaty.sk - Vojna amerických kolónií za nezávislosť","Bola to prvá bitka v <b>Americkej Revolučnej Vojne</b>, a okamžite správa vyburcovala 13 kolónii, ktoré povolali domobranu a vyslali jednotky obliehať Boston."
29835635,607,"americkej revolučnej vojne ","2017-07-25 19:50:33.0"
43694802,436,"American Revolutionary War","2017-07-25 18:16:33.0"
43694802,436,"American Revolutionary War","2017-07-25 18:16:33.0","2017-07-25 18:16:38.0",1,https://en.wikipedia.org/wiki/American_Revolutionary_War,"<b>American Revolutionary War</b> - <b>Wikipedia</b>","The <b>American Revolutionary War</b> (1775–1783), also known as the <b>American War</b> of Independence, was a global <b>war</b> that began as a conflict between Great Britain and her ..."
43694802,436,"American Revolutionary War","2017-07-25 18:16:33.0","2017-07-25 18:17:48.0",2,http://www.history.com/topics/american-revolution,"<b>American Revolution</b> - Battles, Facts &amp; Pictures - <b>History.com</b>","<b>American Revolution</b>. The <b>war</b> of independence waged by the <b>American</b> colonies against Britain influenced political ideas and revolutions around the globe, as a ..."
43694802,436,"American Revolutionary War","2017-07-25 18:16:33.0","2017-07-25 18:17:49.0",3,https://www.myrevolutionarywar.com/,"The <b>American Revolutionary War</b>","<b>American Revolutionary War</b> (1775-1783), also known as the <b>American War</b> of Independence, was a <b>war</b> between the Kingdom of Great Britain and thirteen British colonies"
43694802,436,"American Revolutionary War","2017-07-25 18:16:33.0","2017-07-25 18:22:08.0",5,https://www.britannica.com/event/American-Revolution,"<b>American Revolution</b> | Causes, Battles, Aftermath, &amp; Facts ...","<b>American Revolution</b>, also called United States <b>War</b> of Independence or <b>American Revolutionary War</b>, (1775–83), insurrection by which 13 of Great Britain ’s North ..."
43687043,492,"carpenter bees","2017-07-25 18:32:09.0"
43687043,586,"symptoms","2017-07-25 19:24:55.0"
26079868,447,"American Revolutionary War","2017-07-25 18:18:25.0"
26079868,447,"American Revolutionary War","2017-07-25 18:18:25.0","2017-07-25 18:18:29.0",1,https://en.wikipedia.org/wiki/American_Revolutionary_War,"<b>American Revolutionary War</b> - <b>Wikipedia</b>","The <b>American Revolutionary War</b> (1775–1783), also known as the <b>American War</b> of Independence, was a global <b>war</b> that began as a conflict between Great Britain and her ..."
26079868,447,"American Revolutionary War","2017-07-25 18:18:25.0","2017-07-25 18:22:34.0",3,https://www.myrevolutionarywar.com/,"The <b>American Revolutionary War</b>","<b>American Revolutionary War</b> (1775-1783), also known as the <b>American War</b> of Independence, was a <b>war</b> between the Kingdom of Great Britain and thirteen British colonies"
28282475,540,"symptoms, causes and prevention of altitude sickness","2017-07-25 18:49:35.0"
28282475,542,"American Revolutionary War","2017-07-25 18:50:04.0"
28282475,542,"American Revolutionary War","2017-07-25 18:50:04.0","2017-07-25 18:50:07.0",1,https://en.wikipedia.org/wiki/American_Revolutionary_War,"<b>American Revolutionary War</b> - <b>Wikipedia</b>","The <b>American Revolutionary War</b> (1775–1783), also known as the <b>American War</b> of Independence, was a global <b>war</b> that began as a conflict between Great Britain and her ..."
36481014,468,"American Revolutionary War","2017-07-25 18:26:00.0"
36481014,468,"American Revolutionary War","2017-07-25 18:26:00.0","2017-07-25 18:28:00.0",1,https://en.wikipedia.org/wiki/American_Revolutionary_War,"<b>American Revolutionary War</b> - <b>Wikipedia</b>","The <b>American Revolutionary War</b> (1775–1783), also known as the <b>American War</b> of Independence, was a global <b>war</b> that began as a conflict between Great Britain and her ..."
