25864227,788,"theory of evolution","2017-07-26 05:36:01.0"
25864227,789,"theory of evolution","2017-07-26 05:36:01.0"
25864227,789,"theory of evolution","2017-07-26 05:36:01.0","2017-07-26 05:36:28.0",2,http://www.darwins-theory-of-evolution.com/,"<b>Darwin&#39;s Theory Of Evolution</b>","<b>Darwin&#39;s Theory Of Evolution</b> - A <b>theory</b> in crisis in light of the tremendous advances we&#39;ve made in molecular biology, biochemistry, genetics and information <b>theory</b>."
25864227,789,"theory of evolution","2017-07-26 05:36:01.0","2017-07-26 05:37:22.0",5,https://www.britannica.com/science/evolution-scientific-theory,"<b>evolution</b> | scientific <b>theory</b> | <b>Britannica.com</b>","<b>evolution</b>: <b>theory</b> in biology postulating that the various types of plants, animals, and other living things on Earth have their origin in other preexisting types and ..."
25864227,796,"Modern synthesis ","2017-07-26 05:42:15.0"
25864227,797,"modern synthesis definition","2017-07-26 05:42:17.0"
41914129,1030,"theory of evolution","2017-07-26 07:03:03.0"
41914129,1030,"theory of evolution","2017-07-26 07:03:03.0","2017-07-26 07:03:06.0",1,https://www.livescience.com/474-controversy-evolution-works.html,"Darwin&#39;s <b>Theory of Evolution</b>: Definition &amp; Evidence","Charles Darwin&#39;s <b>theory of evolution</b> and natural selection isn&#39;t an idea with holes. It&#39;s one of the most solid theories in science. But what exactly is it?"
41914129,1030,"theory of evolution","2017-07-26 07:03:03.0","2017-07-26 07:04:29.0",2,http://www.darwins-theory-of-evolution.com/,"<b>Darwin&#39;s Theory Of Evolution</b>","<b>Darwin&#39;s Theory Of Evolution</b> - A <b>theory</b> in crisis in light of the tremendous advances we&#39;ve made in molecular biology, biochemistry, genetics and information <b>theory</b>."
41914129,1030,"theory of evolution","2017-07-26 07:03:03.0","2017-07-26 07:07:33.0",6,https://en.wikipedia.org/wiki/Evolution,"<b>Evolution</b> - Wikipedia","The crucial break from the concept of constant typological classes or types in biology came with the <b>theory of evolution</b> through natural selection, ..."
41914129,1038," past, present, and possible future of interplanetary missions that are planned by the NASA'. ","2017-07-26 07:06:18.0"
41914129,1038," past, present, and possible future of interplanetary missions that are planned by the NASA'. ","2017-07-26 07:06:18.0","2017-07-26 07:06:49.0",2,https://jpl.nasa.gov/missions/,"<b>Missions</b> - <b>NASA</b> Jet Propulsion Laboratory (JPL)","... a <b>planned mission</b> to ... <b>NASA</b>&#39;s <b>planned</b> Europa Clipper ... Phoenix was a lander sent to the surface of Mars to search for evidence of <b>past</b> or <b>present</b> ..."
38986614,771,"teoria de la evolucion","2017-07-26 05:30:45.0"
38986614,771,"teoria de la evolucion","2017-07-26 05:30:45.0","2017-07-26 05:30:56.0",1,https://es.wikipedia.org/wiki/Evoluci%C3%B3n_biol%C3%B3gica,"Evolución biológica - Wikipedia, <b>la</b> enciclopedia libre","El origen <b>de la</b> vida, aunque atañe al estudio <b>de</b> los seres vivos, es un tema que no es abordado por <b>la</b> teoría <b>de la</b> evolución; pues esta última sólo se ocupa del ..."
38986614,771,"teoria de la evolucion","2017-07-26 05:30:45.0","2017-07-26 05:31:51.0",2,http://inciclopedia.wikia.com/wiki/Teor%C3%ADa_de_la_Evoluci%C3%B3n,"Teoría <b>de</b> <b>la</b> Evolución | Inciclopedia | FANDOM powered by ...","<b>La</b> teoría <b>de la</b> evolución, formulada por Charles Darwin, sostiene que las especies evolucionan y..."
38986614,771,"teoria de la evolucion","2017-07-26 05:30:45.0","2017-07-26 05:32:55.0",3,http://www.philosophica.info/voces/evolucion/Evolucion.html,"1. El inicio <b>de</b> <b>la</b> teoría <b>de</b> <b>la</b> ... - philosophica.info","El inicio <b>de la</b> teoría <b>de la</b> evolución. ... Enciclopedia filosófica on line, URL: http://www.philosophica.info/archivo/2009/voces/<b>evolucion</b>/<b>Evolucion</b>.html ..."
38986614,771,"teoria de la evolucion","2017-07-26 05:30:45.0","2017-07-26 05:33:33.0",4,https://historiaybiografias.com/teoria_evolucion/,"<b>La</b> teoría <b>de</b> <b>la</b> Evolución Darwin Charles <b>La</b> Selección Natural","<b>La</b> teoría <b>de la</b> Evolución Darwin Charles <b>La</b> Selección Natural: Desde <b>la</b> antigüedad, ... Biografia <b>de</b> Charles Darwin <b>Teoria de Evolucion</b> Por Seleccion Natural;"
41414773,799,"theory of evolution","2017-07-26 05:43:43.0"
41414773,799,"theory of evolution","2017-07-26 05:43:43.0","2017-07-26 05:43:52.0",6,https://en.wikipedia.org/wiki/Evolution,"<b>Evolution</b> - Wikipedia","The crucial break from the concept of constant typological classes or types in biology came with the <b>theory of evolution</b> through natural selection, ..."
41414773,799,"theory of evolution","2017-07-26 05:43:43.0","2017-07-26 05:46:48.0",1,https://www.livescience.com/474-controversy-evolution-works.html,"Darwin&#39;s <b>Theory of Evolution</b>: Definition &amp; Evidence","Charles Darwin&#39;s <b>theory of evolution</b> and natural selection isn&#39;t an idea with holes. It&#39;s one of the most solid theories in science. But what exactly is it?"
41414773,799,"theory of evolution","2017-07-26 05:43:43.0","2017-07-26 05:46:49.0",1,https://www.livescience.com/474-controversy-evolution-works.html,"Darwin&#39;s <b>Theory of Evolution</b>: Definition &amp; Evidence","Charles Darwin&#39;s <b>theory of evolution</b> and natural selection isn&#39;t an idea with holes. It&#39;s one of the most solid theories in science. But what exactly is it?"
41414773,799,"theory of evolution","2017-07-26 05:43:43.0","2017-07-26 05:46:57.0",2,http://www.darwins-theory-of-evolution.com/,"<b>Darwin&#39;s Theory Of Evolution</b>","<b>Darwin&#39;s Theory Of Evolution</b> - A <b>theory</b> in crisis in light of the tremendous advances we&#39;ve made in molecular biology, biochemistry, genetics and information <b>theory</b>."
41414773,799,"theory of evolution","2017-07-26 05:43:43.0","2017-07-26 05:48:33.0",6,https://en.wikipedia.org/wiki/Evolution,"<b>Evolution</b> - Wikipedia","The crucial break from the concept of constant typological classes or types in biology came with the <b>theory of evolution</b> through natural selection, ..."
42674062,734,"theory of evolution","2017-07-26 05:18:15.0"
42674062,734,"theory of evolution","2017-07-26 05:18:15.0","2017-07-26 05:18:18.0",1,https://www.livescience.com/474-controversy-evolution-works.html,"Darwin&#39;s <b>Theory of Evolution</b>: Definition &amp; Evidence","Charles Darwin&#39;s <b>theory of evolution</b> and natural selection isn&#39;t an idea with holes. It&#39;s one of the most solid theories in science. But what exactly is it?"
42674062,734,"theory of evolution","2017-07-26 05:18:15.0","2017-07-26 05:18:20.0",2,http://www.darwins-theory-of-evolution.com/,"<b>Darwin&#39;s Theory Of Evolution</b>","<b>Darwin&#39;s Theory Of Evolution</b> - A <b>theory</b> in crisis in light of the tremendous advances we&#39;ve made in molecular biology, biochemistry, genetics and information <b>theory</b>."
42674062,734,"theory of evolution","2017-07-26 05:18:15.0","2017-07-26 05:18:22.0",3,http://www.allaboutscience.org/darwins-theory-of-evolution.htm,"<b>Darwin&#39;s Theory Of Evolution</b> - AllAboutScience.org","<b>Darwin&#39;s Theory Of Evolution</b> - What claims did Darwin make. How do they stand up to the latest arguments and evidences? Consider the facts."
42674062,751,"Turquía debe dejar de enseñar la teoría de la evolución de Darwin en las escuelas secundarias.","2017-07-26 05:26:13.0"
42674062,751,"Turquía debe dejar de enseñar la teoría de la evolución de Darwin en las escuelas secundarias.","2017-07-26 05:26:13.0","2017-07-26 05:26:18.0",1,http://www.dw.com/es/turqu%C3%ADa-dejar%C3%A1-de-ense%C3%B1ar-la-teor%C3%ADa-de-la-evoluci%C3%B3n-en-la-escuela/a-39394898,"<b>Turquía</b> dejará <b>de</b> <b>enseñar</b> <b>la</b> <b>teoría</b> <b>de</b> <b>la</b> <b>evolución</b> <b>en</b> <b>la</b> ...","... <b>teoría de la evolución en</b> los colegios <b>de Turquía</b>. ... durante <b>la</b> enseñanza obligatoria <b>en las escuelas</b> turcas ... se <b>debe enseñar</b> esta <b>teoría</b>&quot;, ..."
42674062,755," Thomas Henry Huxley era amigo de Charles Darwin.","2017-07-26 05:26:41.0"
42674062,755," Thomas Henry Huxley era amigo de Charles Darwin.","2017-07-26 05:26:41.0","2017-07-26 05:26:44.0",1,https://en.wikipedia.org/wiki/Thomas_Henry_Huxley,"<b>Thomas Henry Huxley</b> - <b>Wikipedia</b>","<b>Thomas Henry Huxley</b> PC ... he tended to push the origin of major groups such as birds and mammals back into the Palaeozoic <b>era</b>, ... <b>Charles Darwin</b>: Preceded by L-G <b>de</b> ..."
42674062,755," Thomas Henry Huxley era amigo de Charles Darwin.","2017-07-26 05:26:41.0","2017-07-26 05:27:23.0",6,https://en.wikipedia.org/wiki/Charlesdarwin,"<b>Charles Darwin</b> - <b>Wikipedia</b>","<b>Thomas Henry Huxley</b> George Romanes ... <b>Darwin</b> was well prepared to compare this to <b>de</b> Candolle&#39;s &quot;warring of the species&quot; of plants and the ... By <b>Charles Darwin</b>;"
40619580,836,"theory of evolution","2017-07-26 05:58:29.0"
40619580,836,"theory of evolution","2017-07-26 05:58:29.0","2017-07-26 05:58:35.0",2,http://www.darwins-theory-of-evolution.com/,"<b>Darwin&#39;s Theory Of Evolution</b>","<b>Darwin&#39;s Theory Of Evolution</b> - A <b>theory</b> in crisis in light of the tremendous advances we&#39;ve made in molecular biology, biochemistry, genetics and information <b>theory</b>."
42262643,744,"theory of evolution wiki","2017-07-26 05:24:27.0"
42262643,746,"theory of evolution","2017-07-26 05:24:51.0"
42262643,747,"theory of evolution","2017-07-26 05:24:53.0"
43507316,748,"theory of evolution","2017-07-26 05:25:52.0"
43507316,748,"theory of evolution","2017-07-26 05:25:52.0","2017-07-26 05:25:54.0",1,https://www.livescience.com/474-controversy-evolution-works.html,"Darwin&#39;s <b>Theory of Evolution</b>: Definition &amp; Evidence","Charles Darwin&#39;s <b>theory of evolution</b> and natural selection isn&#39;t an idea with holes. It&#39;s one of the most solid theories in science. But what exactly is it?"
43507316,748,"theory of evolution","2017-07-26 05:25:52.0","2017-07-26 05:26:12.0",2,http://www.darwins-theory-of-evolution.com/,"<b>Darwin&#39;s Theory Of Evolution</b>","<b>Darwin&#39;s Theory Of Evolution</b> - A <b>theory</b> in crisis in light of the tremendous advances we&#39;ve made in molecular biology, biochemistry, genetics and information <b>theory</b>."
43507316,781,"Evolution is a theory about the origin of life.","2017-07-26 05:34:20.0"
43507316,783,"Evolutionary theory implies that life evolved (and continues to evolve) randomly, or by chance alone","2017-07-26 05:34:31.0"
43507316,785,"Evolution implies that individual organisms can evolve during a single lifespan.","2017-07-26 05:35:03.0"
43507316,785,"Evolution implies that individual organisms can evolve during a single lifespan.","2017-07-26 05:35:03.0","2017-07-26 05:35:07.0",1,http://evolution.berkeley.edu/evolibrary/misconceptions_teacherfaq.php,"Misconceptions about <b>evolution</b>","<b>Individual organisms can evolve during a single lifespan</b>. ... not <b>individual organisms</b>, <b>evolve</b>. ... and the other advanced <b>implies</b> that <b>evolution</b> entails progress ..."
43507316,786,"Over time, populations can split or branch off into new species.","2017-07-26 05:35:32.0"
43507316,787,"Modern synthesis is connecting natural selection, mutation theory, and Mendelian inheritance into a ","2017-07-26 05:35:44.0"
43507316,791,"The modern understanding of evolution began with the publication of Charles Darwin's On the Origin ","2017-07-26 05:36:16.0"
43507316,792,"TTurkey is to stop teaching Darwin's theory of evolution in high schools.","2017-07-26 05:36:32.0"
43507316,793,"Thomas Henry Huxley was a friend of Charles Darwin.","2017-07-26 05:36:42.0"
39912680,756,"theory of evolution","2017-07-26 05:27:43.0"
39912680,756,"theory of evolution","2017-07-26 05:27:43.0","2017-07-26 05:27:55.0",1,https://www.livescience.com/474-controversy-evolution-works.html,"Darwin&#39;s <b>Theory of Evolution</b>: Definition &amp; Evidence","Charles Darwin&#39;s <b>theory of evolution</b> and natural selection isn&#39;t an idea with holes. It&#39;s one of the most solid theories in science. But what exactly is it?"
39912680,756,"theory of evolution","2017-07-26 05:27:43.0","2017-07-26 05:28:07.0",6,https://en.wikipedia.org/wiki/Evolution,"<b>Evolution</b> - Wikipedia","The crucial break from the concept of constant typological classes or types in biology came with the <b>theory of evolution</b> through natural selection, ..."
39912680,757,"theory of evolution","2017-07-26 05:27:47.0"
36985538,740,"theory of evolution","2017-07-26 05:20:04.0"
36985538,740,"theory of evolution","2017-07-26 05:20:04.0","2017-07-26 05:20:24.0",1,https://www.livescience.com/474-controversy-evolution-works.html,"Darwin&#39;s <b>Theory of Evolution</b>: Definition &amp; Evidence","Charles Darwin&#39;s <b>theory of evolution</b> and natural selection isn&#39;t an idea with holes. It&#39;s one of the most solid theories in science. But what exactly is it?"
36985538,740,"theory of evolution","2017-07-26 05:20:04.0","2017-07-26 05:20:27.0",2,http://www.darwins-theory-of-evolution.com/,"<b>Darwin&#39;s Theory Of Evolution</b>","<b>Darwin&#39;s Theory Of Evolution</b> - A <b>theory</b> in crisis in light of the tremendous advances we&#39;ve made in molecular biology, biochemistry, genetics and information <b>theory</b>."
36985538,740,"theory of evolution","2017-07-26 05:20:04.0","2017-07-26 05:20:33.0",6,https://en.wikipedia.org/wiki/Evolution,"<b>Evolution</b> - Wikipedia","The crucial break from the concept of constant typological classes or types in biology came with the <b>theory of evolution</b> through natural selection, ..."
36985538,740,"theory of evolution","2017-07-26 05:20:04.0","2017-07-26 05:20:51.0",4,http://www.ucmp.berkeley.edu/history/evotheory.html,"<b>Evolution</b> <b>Theory</b> and Science","Charles Darwin wrote: &quot;THE AFFINITIES of all the beings of the same class have sometimes been represented by a great tree. I believe this simile largely speaks the truth."
33650194,763,"theory of evolution","2017-07-26 05:29:34.0"
33650194,763,"theory of evolution","2017-07-26 05:29:34.0","2017-07-26 05:29:37.0",1,https://www.livescience.com/474-controversy-evolution-works.html,"Darwin&#39;s <b>Theory of Evolution</b>: Definition &amp; Evidence","Charles Darwin&#39;s <b>theory of evolution</b> and natural selection isn&#39;t an idea with holes. It&#39;s one of the most solid theories in science. But what exactly is it?"
33650194,764,"teoria de la evolucion","2017-07-26 05:29:44.0"
33650194,764,"teoria de la evolucion","2017-07-26 05:29:44.0","2017-07-26 05:29:47.0",1,https://es.wikipedia.org/wiki/Evoluci%C3%B3n_biol%C3%B3gica,"Evolución biológica - Wikipedia, <b>la</b> enciclopedia libre","El origen <b>de la</b> vida, aunque atañe al estudio <b>de</b> los seres vivos, es un tema que no es abordado por <b>la</b> teoría <b>de la</b> evolución; pues esta última sólo se ocupa del ..."
33650194,765,"theory of evolution","2017-07-26 05:29:52.0"
33650194,765,"theory of evolution","2017-07-26 05:29:52.0","2017-07-26 05:29:55.0",2,http://www.darwins-theory-of-evolution.com/,"<b>Darwin&#39;s Theory Of Evolution</b>","<b>Darwin&#39;s Theory Of Evolution</b> - A <b>theory</b> in crisis in light of the tremendous advances we&#39;ve made in molecular biology, biochemistry, genetics and information <b>theory</b>."
29742803,911,"Evolution","2017-07-26 06:21:50.0"
29742803,911,"Evolution","2017-07-26 06:21:50.0","2017-07-26 06:21:57.0",3,http://www.darwins-theory-of-evolution.com/,"<b>Darwin&#39;s Theory Of Evolution</b>","<b>Darwin&#39;s Theory Of Evolution</b> - A theory in crisis in light of the tremendous advances we&#39;ve made in molecular biology, biochemistry, genetics and information theory."
29742803,939,"Evolution implies that individual organisms can evolve during a single lifespan.","2017-07-26 06:28:00.0"
29742803,947,"Modern synthesis is connecting natural selection, mutation theory, and Mendelian inheritance into a ","2017-07-26 06:28:54.0"
29742803,953,"The modern understanding of evolution began with the publication of Charles Darwin's On the Origin ","2017-07-26 06:29:38.0"
36201092,815,"theory of evolution","2017-07-26 05:50:23.0"
36201092,815,"theory of evolution","2017-07-26 05:50:23.0","2017-07-26 05:50:28.0",1,https://www.livescience.com/474-controversy-evolution-works.html,"Darwin&#39;s <b>Theory of Evolution</b>: Definition &amp; Evidence","Charles Darwin&#39;s <b>theory of evolution</b> and natural selection isn&#39;t an idea with holes. It&#39;s one of the most solid theories in science. But what exactly is it?"
36201092,817,"theory of evolution","2017-07-26 05:50:39.0"
36201092,817,"theory of evolution","2017-07-26 05:50:39.0","2017-07-26 05:50:41.0",2,http://www.darwins-theory-of-evolution.com/,"<b>Darwin&#39;s Theory Of Evolution</b>","<b>Darwin&#39;s Theory Of Evolution</b> - A <b>theory</b> in crisis in light of the tremendous advances we&#39;ve made in molecular biology, biochemistry, genetics and information <b>theory</b>."
36201092,834,"theory of evolution","2017-07-26 05:57:50.0"
36201092,840,"past, present, and possible future of interplanetary missions that are planned by the NASA","2017-07-26 06:01:56.0"
36201092,840,"past, present, and possible future of interplanetary missions that are planned by the NASA","2017-07-26 06:01:56.0","2017-07-26 06:02:12.0",1,https://www.nasa.gov/missions/,"<b>NASA</b> <b>Missions</b> A-Z | <b>NASA</b>","<b>NASA.gov</b> brings you the latest images, videos and news from America&#39;s space agency. Get the latest updates on <b>NASA missions</b>, watch <b>NASA</b> TV live, and learn about our ..."
36201092,840,"past, present, and possible future of interplanetary missions that are planned by the NASA","2017-07-26 06:01:56.0","2017-07-26 06:02:53.0",2,https://jpl.nasa.gov/missions/,"<b>Missions</b> - <b>NASA</b> Jet Propulsion Laboratory (JPL)","... a <b>planned mission</b> to ... <b>NASA</b>&#39;s <b>planned</b> Europa Clipper ... Phoenix was a lander sent to the surface of Mars to search for evidence of <b>past</b> or <b>present</b> ..."
36201092,904,"past, present, and possible future of interplanetary missions that are planned by the NASA","2017-07-26 06:20:19.0"
36201092,907,"teoría de la evolución","2017-07-26 06:20:41.0"
36201092,907,"teoría de la evolución","2017-07-26 06:20:41.0","2017-07-26 06:20:43.0",1,https://es.wikipedia.org/wiki/Evoluci%C3%B3n_biol%C3%B3gica,"<b>Evolución</b> biológica - Wikipedia, <b>la</b> enciclopedia libre","El origen <b>de la</b> vida, aunque atañe al estudio <b>de</b> los seres vivos, es un tema que no es abordado por <b>la teoría de la evolución</b>; pues esta última sólo se ocupa del ..."
36201092,907,"teoría de la evolución","2017-07-26 06:20:41.0","2017-07-26 06:24:52.0",2,http://inciclopedia.wikia.com/wiki/Teor%C3%ADa_de_la_Evoluci%C3%B3n,"<b>Teoría de la Evolución</b> | Inciclopedia | FANDOM powered by ...","<b>La teoría de la evolución</b>, formulada por Charles Darwin, sostiene que las especies evolucionan y..."
36201092,907,"teoría de la evolución","2017-07-26 06:20:41.0","2017-07-26 06:35:54.0",31,https://answers.yahoo.com/question/index?qid=20090926044121AAdpmEt,"¿UN RESUmEN SOBRE <b>LA</b> <b>TEORIA</b> <b>DE</b> <b>LA</b> <b>EVOLUCION</b>? 10 PUNTOS ...","necesito un resumen cortito como <b>de</b> diez lineas sobre <b>la teoria de la evolucion</b> muchas gracias doy 10 puntos y cinco estrellitas=)"
36201092,978,"theory of evolution","2017-07-26 06:36:32.0"
36201092,978,"theory of evolution","2017-07-26 06:36:32.0","2017-07-26 06:36:34.0",1,https://www.livescience.com/474-controversy-evolution-works.html,"Darwin&#39;s <b>Theory of Evolution</b>: Definition &amp; Evidence","Charles Darwin&#39;s <b>theory of evolution</b> and natural selection isn&#39;t an idea with holes. It&#39;s one of the most solid theories in science. But what exactly is it?"
36201092,978,"theory of evolution","2017-07-26 06:36:32.0","2017-07-26 06:36:47.0",13,http://www.conservapedia.com/Evolution,"<b>Evolution</b> - <b>Conservapedia</b>","The <b>theory of evolution</b> is a naturalistic <b>theory</b> of the history of life on earth (this refers to the <b>theory of evolution</b> which employs methodological ..."
34122533,750,"teoria de la evolucion","2017-07-26 05:26:03.0"
34122533,750,"teoria de la evolucion","2017-07-26 05:26:03.0","2017-07-26 05:26:20.0",1,https://es.wikipedia.org/wiki/Evoluci%C3%B3n_biol%C3%B3gica,"Evolución biológica - Wikipedia, <b>la</b> enciclopedia libre","El origen <b>de la</b> vida, aunque atañe al estudio <b>de</b> los seres vivos, es un tema que no es abordado por <b>la</b> teoría <b>de la</b> evolución; pues esta última sólo se ocupa del ..."
41027547,794,"theory of evolution","2017-07-26 05:40:03.0"
41027547,795,"theory of evolution","2017-07-26 05:40:09.0"
41742907,767,"tesla","2017-07-26 05:30:30.0"
41742907,769,"tesla motors","2017-07-26 05:30:39.0"
41742907,769,"tesla motors","2017-07-26 05:30:39.0","2017-07-26 05:30:41.0",1,https://www.tesla.com/,"<b>Tesla</b> | Premium Electric Sedans and SUVs","<b>Tesla</b> designs and manufactures the Model S electric sedan and the Model X electric SUV, and is taking reservations for Model 3, a premium EV starting at $35,000."
41742907,769,"tesla motors","2017-07-26 05:30:39.0","2017-07-26 05:31:37.0",27,https://www.fastcompany.com/company/tesla-motors,"<b>Tesla Motors</b>: Articles, Info, Video | Fast Company","In late 2015, electric vehicle manufacturer <b>Tesla</b> rolled out its 7.0 software, giving its cars a suite of autonomous features such as automatized steering, lane ..."
41742907,810,"story of evolution","2017-07-26 05:49:14.0"
41742907,810,"story of evolution","2017-07-26 05:49:14.0","2017-07-26 05:49:21.0",2,http://storyofevolution.com/,"The <b>Story of Evolution</b>","Once upon a time, (a few hundred million years ago), there lived a little one-celled animal called &quot;Amoeba&quot;. No one really knew where Amoeba had come from."
36675302,766,"theory of evolution","2017-07-26 05:30:08.0"
36675302,766,"theory of evolution","2017-07-26 05:30:08.0","2017-07-26 05:30:16.0",1,https://www.livescience.com/474-controversy-evolution-works.html,"Darwin&#39;s <b>Theory of Evolution</b>: Definition &amp; Evidence","Charles Darwin&#39;s <b>theory of evolution</b> and natural selection isn&#39;t an idea with holes. It&#39;s one of the most solid theories in science. But what exactly is it?"
36675302,766,"theory of evolution","2017-07-26 05:30:08.0","2017-07-26 05:30:23.0",2,http://www.darwins-theory-of-evolution.com/,"<b>Darwin&#39;s Theory Of Evolution</b>","<b>Darwin&#39;s Theory Of Evolution</b> - A <b>theory</b> in crisis in light of the tremendous advances we&#39;ve made in molecular biology, biochemistry, genetics and information <b>theory</b>."
36675302,766,"theory of evolution","2017-07-26 05:30:08.0","2017-07-26 05:33:16.0",3,http://www.allaboutscience.org/darwins-theory-of-evolution.htm,"<b>Darwin&#39;s Theory Of Evolution</b> - AllAboutScience.org","<b>Darwin&#39;s Theory Of Evolution</b> - What claims did Darwin make. How do they stand up to the latest arguments and evidences? Consider the facts."
36675302,766,"theory of evolution","2017-07-26 05:30:08.0","2017-07-26 05:33:45.0",4,http://www.ucmp.berkeley.edu/history/evotheory.html,"<b>Evolution</b> <b>Theory</b> and Science","Charles Darwin wrote: &quot;THE AFFINITIES of all the beings of the same class have sometimes been represented by a great tree. I believe this simile largely speaks the truth."
36675302,766,"theory of evolution","2017-07-26 05:30:08.0","2017-07-26 05:34:39.0",6,https://en.wikipedia.org/wiki/Evolution,"<b>Evolution</b> - Wikipedia","The crucial break from the concept of constant typological classes or types in biology came with the <b>theory of evolution</b> through natural selection, ..."
36675302,766,"theory of evolution","2017-07-26 05:30:08.0","2017-07-26 05:35:07.0",9,http://www.allaboutthejourney.org/theory-of-evolution.htm,"<b>Theory Of Evolution</b> - The Journey - AllAboutTheJourney.org","<b>Theory Of Evolution</b> - There were at least five fundamental stages <b>of evolution</b> that were required prior to any possibility of organic life."
43530879,741,"'theory of evolution","2017-07-26 05:20:31.0"
43530879,741,"'theory of evolution","2017-07-26 05:20:31.0","2017-07-26 05:33:25.0",1,https://www.livescience.com/474-controversy-evolution-works.html,"Darwin&#39;s <b>Theory of Evolution</b>: Definition &amp; Evidence","Charles Darwin&#39;s <b>theory of evolution</b> and natural selection isn&#39;t an idea with holes. It&#39;s one of the most solid theories in science. But what exactly is it?"
43530879,741,"'theory of evolution","2017-07-26 05:20:31.0","2017-07-26 05:37:04.0",2,https://en.wikipedia.org/wiki/Evolution,"<b>Evolution</b> - Wikipedia","The crucial break from the concept of constant typological classes or types in biology came with the <b>theory of evolution</b> through natural selection, ..."
42607909,732,"theory of evolution","2017-07-26 05:18:06.0"
42607909,732,"theory of evolution","2017-07-26 05:18:06.0","2017-07-26 05:18:28.0",1,https://www.livescience.com/474-controversy-evolution-works.html,"Darwin&#39;s <b>Theory of Evolution</b>: Definition &amp; Evidence","Charles Darwin&#39;s <b>theory of evolution</b> and natural selection isn&#39;t an idea with holes. It&#39;s one of the most solid theories in science. But what exactly is it?"
42082819,819,"teoria de la evolucion","2017-07-26 05:51:01.0"
42082819,819,"teoria de la evolucion","2017-07-26 05:51:01.0","2017-07-26 05:51:11.0",1,https://es.wikipedia.org/wiki/Evoluci%C3%B3n_biol%C3%B3gica,"Evolución biológica - Wikipedia, <b>la</b> enciclopedia libre","El origen <b>de la</b> vida, aunque atañe al estudio <b>de</b> los seres vivos, es un tema que no es abordado por <b>la</b> teoría <b>de la</b> evolución; pues esta última sólo se ocupa del ..."
43588858,803,"search well","2017-07-26 05:47:11.0"
43588858,803,"search well","2017-07-26 05:47:11.0","2017-07-26 05:47:27.0",1,http://public.dep.state.ma.us/searchwell/,"MA DEP <b>Well</b> <b>Search</b> - public.dep.state.ma.us","<b>Well</b> Drilling: <b>Well</b> ID: Town: Driller Registration Number: <b>Advanced Search</b>: Date Range: Begin Date: End Date: Choose ... <b>Advanced Search</b>:"
43588858,803,"search well","2017-07-26 05:47:11.0","2017-07-26 05:47:40.0",2,https://en.wikipedia.org/wiki/Search_Well,"<b>Search Well</b> - <b>Wikipedia</b>","<b>Search Well</b> is a historic home and farm complex located at Burtner, Washington County, Maryland, United States. It includes a limestone farmhouse dating from about ..."
43588858,803,"search well","2017-07-26 05:47:11.0","2017-07-26 05:48:07.0",6,http://www.search-well.com.au/,"<b>Search Well</b>","<b>Search Well</b> Insured Legal Searchers and Settlement Agents. Telephone: (03) 9602 2459 Mobile: 0418 100 079 Facsimile: (03) 9602 3217 PO Box 1157k Melbourne 3001"
43588858,803,"search well","2017-07-26 05:47:11.0","2017-07-26 05:48:43.0",3,http://www.mass.gov/eea/agencies/massdep/water/drinking/well-driller-program-searchwell.html,"<b>Well</b> Driller Program - <b>SearchWell</b> | MassDEP","The Official Website of the Executive Office of <b>Energy and Environmental Affairs</b>. ... Input <b>Search</b> Query Select an Area to <b>Search</b> ... The <b>Well</b> Driller ..."
43588858,820,"theory of evolution pdf","2017-07-26 05:51:11.0"
43588858,820,"theory of evolution pdf","2017-07-26 05:51:11.0","2017-07-26 05:51:16.0",2,https://www.colonialsd.org/uploaded/Forms_and_Documents/School_PWHS/Keystones/BIO_Mod2_Theory_of_Evolution.pdf,"<b>Theory of Evolution</b> - Home - Colonial School District","<b>Theory of Evolution</b> Module B, Anchor 3 Basic Evolutionary <b>Theory</b>: 1. Explain what the term “<b>evolution</b>” means. Provide an example. <b>Evolution</b> – change in species ..."
43588858,827,"theory of evolution","2017-07-26 05:53:34.0"
43588858,829,"theory of evolution","2017-07-26 05:53:35.0"
34464644,835,"theory of evolution summary","2017-07-26 05:57:55.0"
34464644,835,"theory of evolution summary","2017-07-26 05:57:55.0","2017-07-26 05:58:06.0",1,https://www.pbs.org/wgbh/evolution/educators/course/session2/explain_c_pop2.html,"<b>Evolution</b>: <b>Summary of Darwin&#39;s Theory of Evolution</b> - <b>PBS</b>","A species is a population of organisms that interbreeds and has fertile offspring. Living organisms have descended with modifications from species that lived before ..."
34464644,835,"theory of evolution summary","2017-07-26 05:57:55.0","2017-07-26 05:59:09.0",3,http://www.darwins-theory-of-evolution.com/,"<b>Darwin&#39;s Theory Of Evolution</b>","<b>Darwin&#39;s Theory Of Evolution</b> - A <b>theory</b> in crisis in light of the tremendous advances we&#39;ve made in molecular biology, biochemistry, genetics and information <b>theory</b>."
42083792,754,"charles darwin teoria de la evolucion","2017-07-26 05:26:32.0"
42083792,754,"charles darwin teoria de la evolucion","2017-07-26 05:26:32.0","2017-07-26 05:26:36.0",2,https://historiaybiografias.com/teoria_evolucion/,"<b>La</b> teoría <b>de</b> <b>la</b> Evolución <b>Darwin</b> <b>Charles</b> <b>La</b> Selección Natural","En realidad según <b>la</b> teoría <b>de Darwin</b> las que tenían el cuello y las patas algo más largos que ... Biografia <b>de Charles Darwin Teoria de Evolucion</b> Por Seleccion ..."
39419416,761,"theory of evolution","2017-07-26 05:29:23.0"
39419416,761,"theory of evolution","2017-07-26 05:29:23.0","2017-07-26 05:30:19.0",6,https://en.wikipedia.org/wiki/Evolution,"<b>Evolution</b> - Wikipedia","The crucial break from the concept of constant typological classes or types in biology came with the <b>theory of evolution</b> through natural selection, ..."
39419416,761,"theory of evolution","2017-07-26 05:29:23.0","2017-07-26 05:32:41.0",1,https://www.livescience.com/474-controversy-evolution-works.html,"Darwin&#39;s <b>Theory of Evolution</b>: Definition &amp; Evidence","Charles Darwin&#39;s <b>theory of evolution</b> and natural selection isn&#39;t an idea with holes. It&#39;s one of the most solid theories in science. But what exactly is it?"
39419416,761,"theory of evolution","2017-07-26 05:29:23.0","2017-07-26 05:32:48.0",2,http://www.darwins-theory-of-evolution.com/,"<b>Darwin&#39;s Theory Of Evolution</b>","<b>Darwin&#39;s Theory Of Evolution</b> - A <b>theory</b> in crisis in light of the tremendous advances we&#39;ve made in molecular biology, biochemistry, genetics and information <b>theory</b>."
43661460,742,"teoria de la evolucion","2017-07-26 05:24:03.0"
43661460,743,"teoria de la evolucion","2017-07-26 05:24:04.0"
43661460,745,"teoria de la evolucion","2017-07-26 05:24:31.0"
43055814,772,"theory of evolution","2017-07-26 05:31:20.0"
43055814,773,"theory of evolution","2017-07-26 05:31:21.0"
43055814,773,"theory of evolution","2017-07-26 05:31:21.0","2017-07-26 05:31:43.0",1,https://www.livescience.com/474-controversy-evolution-works.html,"Darwin&#39;s <b>Theory of Evolution</b>: Definition &amp; Evidence","Charles Darwin&#39;s <b>theory of evolution</b> and natural selection isn&#39;t an idea with holes. It&#39;s one of the most solid theories in science. But what exactly is it?"
43055814,773,"theory of evolution","2017-07-26 05:31:21.0","2017-07-26 05:32:56.0",1,https://www.livescience.com/474-controversy-evolution-works.html,"Darwin&#39;s <b>Theory of Evolution</b>: Definition &amp; Evidence","Charles Darwin&#39;s <b>theory of evolution</b> and natural selection isn&#39;t an idea with holes. It&#39;s one of the most solid theories in science. But what exactly is it?"
43055814,773,"theory of evolution","2017-07-26 05:31:21.0","2017-07-26 05:33:00.0",2,http://www.darwins-theory-of-evolution.com/,"<b>Darwin&#39;s Theory Of Evolution</b>","<b>Darwin&#39;s Theory Of Evolution</b> - A <b>theory</b> in crisis in light of the tremendous advances we&#39;ve made in molecular biology, biochemistry, genetics and information <b>theory</b>."
43055814,773,"theory of evolution","2017-07-26 05:31:21.0","2017-07-26 05:33:16.0",4,http://www.ucmp.berkeley.edu/history/evotheory.html,"<b>Evolution</b> <b>Theory</b> and Science","Charles Darwin wrote: &quot;THE AFFINITIES of all the beings of the same class have sometimes been represented by a great tree. I believe this simile largely speaks the truth."
43055814,773,"theory of evolution","2017-07-26 05:31:21.0","2017-07-26 05:33:24.0",5,https://www.britannica.com/science/evolution-scientific-theory,"<b>evolution</b> | scientific <b>theory</b> | <b>Britannica.com</b>","<b>evolution</b>: <b>theory</b> in biology postulating that the various types of plants, animals, and other living things on Earth have their origin in other preexisting types and ..."
43055814,773,"theory of evolution","2017-07-26 05:31:21.0","2017-07-26 05:33:28.0",6,https://en.wikipedia.org/wiki/Evolution,"<b>Evolution</b> - Wikipedia","The crucial break from the concept of constant typological classes or types in biology came with the <b>theory of evolution</b> through natural selection, ..."
42647816,860,"hey","2017-07-26 06:09:14.0"
42647816,860,"hey","2017-07-26 06:09:14.0","2017-07-26 06:10:05.0",5,https://en.wikipedia.org/wiki/Hey,"<b>Hey</b> - <b>Wikipedia</b>","Interjection. <b>Hey</b> (interjection) &quot;<b>Hey hey hey</b>!&quot;, an exclamation used by the character Fat Albert in the animated TV series Fat Albert and the Cosby Kids"
42647816,873,"lol","2017-07-26 06:13:06.0"
42647816,881,"theory of evolution","2017-07-26 06:14:44.0"
42647816,881,"theory of evolution","2017-07-26 06:14:44.0","2017-07-26 06:14:46.0",1,https://www.livescience.com/474-controversy-evolution-works.html,"Darwin&#39;s <b>Theory of Evolution</b>: Definition &amp; Evidence","Charles Darwin&#39;s <b>theory of evolution</b> and natural selection isn&#39;t an idea with holes. It&#39;s one of the most solid theories in science. But what exactly is it?"
42647816,883,"past, present, and possible future of interplanetary missions that are planned by the NASA","2017-07-26 06:15:08.0"
42647816,883,"past, present, and possible future of interplanetary missions that are planned by the NASA","2017-07-26 06:15:08.0","2017-07-26 06:15:11.0",1,https://www.nasa.gov/missions/,"<b>NASA</b> <b>Missions</b> A-Z | <b>NASA</b>","<b>NASA.gov</b> brings you the latest images, videos and news from America&#39;s space agency. Get the latest updates on <b>NASA missions</b>, watch <b>NASA</b> TV live, and learn about our ..."
15439343,735,"turkey evolution","2017-07-26 05:18:43.0"
15439343,735,"turkey evolution","2017-07-26 05:18:43.0","2017-07-26 05:18:48.0",1,https://www.nytimes.com/2017/06/23/world/europe/turkey-evolution-high-school-curriculum.html,"<b>Turkey</b> <b>Drops Evolution From Curriculum, Angering</b> ...","ISTANBUL — <b>Turkey</b> has removed the concept of <b>evolution</b> from its high school curriculum, in what critics fear is the latest attempt by President Recep ..."
15439343,738,"turkey ","2017-07-26 05:18:55.0"
15439343,739,"what is evolutin","2017-07-26 05:18:57.0"
15439343,739,"what is evolutin","2017-07-26 05:18:57.0","2017-07-26 05:19:10.0",1,https://en.wikipedia.org/wiki/Evolution,"<b>Evolution</b> - <b>Wikipedia</b>","<b>Evolution</b> in organisms occurs through changes in heritable traits—the inherited characteristics of an organism. In humans, for example, eye colour is an inherited ..."
42808713,776,"teoria de la evolucion","2017-07-26 05:31:45.0"
42808713,776,"teoria de la evolucion","2017-07-26 05:31:45.0","2017-07-26 05:32:08.0",2,http://inciclopedia.wikia.com/wiki/Teor%C3%ADa_de_la_Evoluci%C3%B3n,"Teoría <b>de</b> <b>la</b> Evolución | Inciclopedia | FANDOM powered by ...","<b>La</b> teoría <b>de la</b> evolución, formulada por Charles Darwin, sostiene que las especies evolucionan y..."
42808713,776,"teoria de la evolucion","2017-07-26 05:31:45.0","2017-07-26 05:32:12.0",4,https://historiaybiografias.com/teoria_evolucion/,"<b>La</b> teoría <b>de</b> <b>la</b> Evolución Darwin Charles <b>La</b> Selección Natural","<b>La</b> teoría <b>de la</b> Evolución Darwin Charles <b>La</b> Selección Natural: Desde <b>la</b> antigüedad, ... Biografia <b>de</b> Charles Darwin <b>Teoria de Evolucion</b> Por Seleccion Natural;"
42808713,776,"teoria de la evolucion","2017-07-26 05:31:45.0","2017-07-26 05:32:15.0",5,http://lareserva.com/home/teoria_evolucion,"<b>La</b> teoría <b>de</b> <b>la</b> evolución | <b>La</b> Reserva","El papel central <b>de la</b> selección natural en <b>la</b> teoría <b>de la</b> evolución ha dado origen a una fuerte conexión ... <b>teoria de la evolucion</b>. biológica. Charles Darwin."
42808713,776,"teoria de la evolucion","2017-07-26 05:31:45.0","2017-07-26 05:32:18.0",6,http://www.allaboutscience.org/spanish/teoria-de-la-evolucion-de-darwin.htm,"Teoría <b>de</b> <b>la</b> Evolución <b>de</b> Darwin - AllAboutScience.org","Teoría <b>de la</b> Evolución <b>de</b> Darwin - Qué afirmaciones hizo Darwin. ¿Cómo soportan ellas los últimos argumentos y evidencias? Considere los hechos."
7232683,846,"evolution specs","2017-07-26 06:04:46.0"
7232683,849,"people evolution during time","2017-07-26 06:05:44.0"
7232683,852,"people evolution during time","2017-07-26 06:06:13.0"
7232683,852,"people evolution during time","2017-07-26 06:06:13.0","2017-07-26 06:06:19.0",1,http://humanorigins.si.edu/education/introduction-human-evolution,"<b>Introduction to Human Evolution</b> | The Smithsonian ...","Home » Education » <b>Introduction to Human Evolution</b>. ... some <b>people</b> find the concept of human <b>evolution</b> ... and how the size of their brains changed over a long <b>time</b>."
7232683,852,"people evolution during time","2017-07-26 06:06:13.0","2017-07-26 06:06:40.0",2,https://en.wikipedia.org/wiki/Timeline_of_the_evolutionary_history_of_life,"Timeline of <b>evolutionary history of life</b> - <b>Wikipedia</b>","This timeline of the <b>evolutionary history of life</b> represents the current scientific theory outlining the major events <b>during</b> the ... passing of <b>time</b> and the view ..."
7232683,852,"people evolution during time","2017-07-26 06:06:13.0","2017-07-26 06:08:32.0",26,https://www.newscientist.com/article/dn17453-timeline-the-evolution-of-life/,"<b>Timeline: The evolution of life</b> | <b>New Scientist</b>","<b>Timeline: The evolution of life</b>. By Michael Marshall. There are all sorts of ways to reconstruct the history of life on Earth. ... Around this <b>time</b>, ..."
7232683,864,"people evolution best books","2017-07-26 06:09:45.0"
7232683,864,"people evolution best books","2017-07-26 06:09:45.0","2017-07-26 06:09:53.0",2,http://darwiniana.org/books.htm,"<b>Books About Evolution</b> - <b>Evolution</b> -- Charles Darwin &amp; A. R ...","<b>Books About Evolution</b> ... Some <b>people</b> are capable of learning by ... Ridley is a science writer in the UK and has several <b>best</b>-selling science <b>books</b> to his ..."
43125608,1012,"evrim teorisi","2017-07-26 06:49:10.0"
43125608,1012,"evrim teorisi","2017-07-26 06:49:10.0","2017-07-26 06:49:50.0",14,https://www.amerikaninsesi.com/a/evrim-teorisi-kismen-mufredatta/3949435.html,"<b>Evrim Teorisi</b> ‘Kısmen’ Müfredatta - amerikaninsesi.com","Milli Eğitim Bakanı İsmet Yılmaz, <b>evrim</b> teorisinin bir bölümünün müfredatta kalacağını açıkladı. Cihadın gerçek anlamının da okullarda ..."
43125608,1012,"evrim teorisi","2017-07-26 06:49:10.0","2017-07-26 06:50:06.0",1,http://evrimteorisi.com/,"<b>evrimteorisi</b>.com","We would like to show you a description here but the site won’t allow us."
43125608,1012,"evrim teorisi","2017-07-26 06:49:10.0","2017-07-26 06:53:23.0",3,https://kozmopolitaydinlar.wordpress.com/2011/05/09/evrim-teorisi-nedir-3/,"<b>Evrim Teorisi</b> Nedir? | CHARLES DARWİN VE <b>EVRİM TEORİSİ</b>","<b>Evrim Teorisi</b>, evrimleşmenin bir sonucu olarak türlerin değişimini ve yeni türlerin oluşumunu, evrime etki eden faktörler ve mekanizmalar ile açıklayan teoridir."
35902657,728,"теории эволюции","2017-07-26 05:17:14.0"
35902657,730,"теории эволюции","2017-07-26 05:17:50.0"
35902657,731,"теории эволюции","2017-07-26 05:17:51.0"
35902657,731,"теории эволюции","2017-07-26 05:17:51.0","2017-07-26 05:18:05.0",4,http://evolution.powernet.ru/,"Теория <b>эволюции</b> как она есть","Приношу благодарность Gregory A. Yaklyushin и выпускнику кафедры <b>теории эволюции</b> биофака МГУ George ..."
35902657,731,"теории эволюции","2017-07-26 05:17:51.0","2017-07-26 05:18:27.0",6,http://evoldar.com/evo03.htm,"Чарльз Дарвин и его теория <b>эволюции</b>","Крупный вклад в формирование современной синтетической <b>теории эволюции</b> внесли зоолог Э."
35902657,731,"теории эволюции","2017-07-26 05:17:51.0","2017-07-26 05:20:37.0",13,http://nauka.jofo.me/528395.html,"Теория <b>эволюции</b> Чарльза Дарвина: за и против","<b>Теории эволюции</b>, обусловленной мутациями. Вся ли наследственность корпускулярна?"
35902657,731,"теории эволюции","2017-07-26 05:17:51.0","2017-07-26 05:21:19.0",1,https://ru.wikipedia.org/wiki/%D0%A1%D0%B8%D0%BD%D1%82%D0%B5%D1%82%D0%B8%D1%87%D0%B5%D1%81%D0%BA%D0%B0%D1%8F_%D1%82%D0%B5%D0%BE%D1%80%D0%B8%D1%8F_%D1%8D%D0%B2%D0%BE%D0%BB%D1%8E%D1%86%D0%B8%D0%B8,"Синтетическая теория <b>эволюции</b> — Википедия","Важной предпосылкой для возникновения новой <b>теории эволюции</b> явилась книга английского ..."
35902657,731,"теории эволюции","2017-07-26 05:17:51.0","2017-07-26 05:21:19.0",2,https://ru.wikipedia.org/wiki/%D0%AD%D0%B2%D0%BE%D0%BB%D1%8E%D1%86%D0%B8%D0%BE%D0%BD%D0%BD%D0%BE%D0%B5_%D1%83%D1%87%D0%B5%D0%BD%D0%B8%D0%B5,"Эволюционизм — Википедия","Теория биологической <b>эволюции</b> ... Склоняясь к теистическому эволюционизму и к <b>теории</b> ..."
35902657,731,"теории эволюции","2017-07-26 05:17:51.0","2017-07-26 05:21:53.0",3,http://nauka.jofo.me/684687.html,"Теория <b>эволюции</b> - nauka: Jofo","Согласно <b>теории эволюции</b>, характеристики изменяются популяции в ответ на изменения ..."
35902657,731,"теории эволюции","2017-07-26 05:17:51.0","2017-07-26 05:29:35.0",9,https://www.youtube.com/watch?v=BfZjublouI0,"Проблемы <b>теории эволюции</b>. Часть 1. - YouTube","Проект &quot;Эффект айсберга&quot;. День ЧЕТВЁРТЫЙ. Часть 1. *** В соответствии с п. 8 Статьи 8 ..."
35902657,777,"теории эволюции","2017-07-26 05:32:20.0"
35902657,816,"теории эволюции","2017-07-26 05:50:32.0"
35902657,816,"теории эволюции","2017-07-26 05:50:32.0","2017-07-26 05:50:38.0",2,https://ru.wikipedia.org/wiki/%D0%AD%D0%B2%D0%BE%D0%BB%D1%8E%D1%86%D0%B8%D0%BE%D0%BD%D0%BD%D0%BE%D0%B5_%D1%83%D1%87%D0%B5%D0%BD%D0%B8%D0%B5,"Эволюционизм — Википедия","Теория биологической <b>эволюции</b> ... Склоняясь к теистическому эволюционизму и к <b>теории</b> ..."
35902657,816,"теории эволюции","2017-07-26 05:50:32.0","2017-07-26 05:50:47.0",3,http://nauka.jofo.me/684687.html,"Теория <b>эволюции</b> - nauka: Jofo","Согласно <b>теории эволюции</b>, характеристики изменяются популяции в ответ на изменения ..."
35902657,816,"теории эволюции","2017-07-26 05:50:32.0","2017-07-26 05:50:55.0",6,http://evoldar.com/evo03.htm,"Чарльз Дарвин и его теория <b>эволюции</b>","Крупный вклад в формирование современной синтетической <b>теории эволюции</b> внесли зоолог Э."
35902657,816,"теории эволюции","2017-07-26 05:50:32.0","2017-07-26 05:51:05.0",4,http://evolution.powernet.ru/,"Теория <b>эволюции</b> как она есть","Приношу благодарность Gregory A. Yaklyushin и выпускнику кафедры <b>теории эволюции</b> биофака МГУ George ..."
35902657,823,"теории эволюции","2017-07-26 05:51:39.0"
35902657,823,"теории эволюции","2017-07-26 05:51:39.0","2017-07-26 05:51:45.0",8,http://elementy.ru/trefil/21133/Teoriya_evolyutsii,"Теория <b>эволюции</b> • Джеймс Трефил, энциклопедия «Двести ...","Согласно <b>теории эволюции</b>, характеристики популяции изменяются в ответ на изменения среды ..."
43310837,813,"theory of evolution","2017-07-26 05:49:39.0"
43310837,813,"theory of evolution","2017-07-26 05:49:39.0","2017-07-26 05:50:08.0",1,https://www.livescience.com/474-controversy-evolution-works.html,"Darwin&#39;s <b>Theory of Evolution</b>: Definition &amp; Evidence","Charles Darwin&#39;s <b>theory of evolution</b> and natural selection isn&#39;t an idea with holes. It&#39;s one of the most solid theories in science. But what exactly is it?"
43310837,813,"theory of evolution","2017-07-26 05:49:39.0","2017-07-26 05:50:37.0",2,http://www.darwins-theory-of-evolution.com/,"<b>Darwin&#39;s Theory Of Evolution</b>","<b>Darwin&#39;s Theory Of Evolution</b> - A <b>theory</b> in crisis in light of the tremendous advances we&#39;ve made in molecular biology, biochemistry, genetics and information <b>theory</b>."
37741931,1050,"Thomas Henry Huxley","2017-07-26 07:18:34.0"
37741931,1050,"Thomas Henry Huxley","2017-07-26 07:18:34.0","2017-07-26 07:18:38.0",1,https://en.wikipedia.org/wiki/Thomas_Henry_Huxley,"<b>Thomas Henry Huxley</b> - <b>Wikipedia</b>","Biography Early life. <b>Thomas Henry Huxley</b> was born in Ealing, which was then a village in Middlesex. He was the second youngest of eight children of George <b>Huxley</b> and ..."
37741931,1051,"Thomas Henry Huxley","2017-07-26 07:18:37.0"
37741931,1052,"Thomas Henry Huxley","2017-07-26 07:18:40.0"
37741931,1053,"seleccion natural darwin","2017-07-26 07:19:11.0"
37741931,1053,"seleccion natural darwin","2017-07-26 07:19:11.0","2017-07-26 07:19:15.0",1,https://es.wikipedia.org/wiki/Selecci%C3%B3n_natural,"Selección <b>natural</b> - Wikipedia, la enciclopedia libre","La selección <b>natural</b> fue propuesta por <b>Darwin</b> como medio para explicar la evolución biológica. Esta explicación parte de tres premisas; ..."
37741931,1053,"seleccion natural darwin","2017-07-26 07:19:11.0","2017-07-26 07:19:20.0",3,https://en.wikipedia.org/wiki/Natural_selection,"<b>Natural selection</b> - <b>Wikipedia</b>","In 1859, Charles <b>Darwin</b> set out his theory of evolution by <b>natural selection</b> as an explanation for adaptation and speciation. He defined <b>natural selection</b> as the ..."
37741931,1055,"sintesis moderna evolucion","2017-07-26 07:21:11.0"
37741931,1055,"sintesis moderna evolucion","2017-07-26 07:21:11.0","2017-07-26 07:21:15.0",1,https://es.wikipedia.org/wiki/S%C3%ADntesis_evolutiva_moderna,"Síntesis evolutiva <b>moderna</b> - Wikipedia, la enciclopedia libre","La síntesis evolutiva <b>moderna</b> (también llamada simplemente nueva síntesis, síntesis <b>moderna</b>, síntesis evolutiva, teoría sintética, síntesis neodarwinista o ..."
37741931,1056,"teoria evolucion","2017-07-26 07:22:16.0"
37741931,1057,"teoria evolucion darwin","2017-07-26 07:22:22.0"
37741931,1057,"teoria evolucion darwin","2017-07-26 07:22:22.0","2017-07-26 07:22:29.0",4,https://historiaybiografias.com/teoria_evolucion/,"La teoría de la Evolución <b>Darwin</b> Charles La Selección Natural","La teoría de la Evolución <b>Darwin</b> Charles La Selección Natural: ... Biografia de Charles <b>Darwin Teoria</b> de <b>Evolucion</b> Por Seleccion Natural; OTROS TEMAS EN ESTE SITIO."
40062468,1031,"La evolución es una teoría sobre el origen de la vida","2017-07-26 07:03:37.0"
40062468,1033,"Thomas Henry Huxley era amigo de Charles Darwin","2017-07-26 07:04:18.0"
40062468,1033,"Thomas Henry Huxley era amigo de Charles Darwin","2017-07-26 07:04:18.0","2017-07-26 07:04:27.0",1,https://en.wikipedia.org/wiki/Thomas_Henry_Huxley,"<b>Thomas Henry Huxley</b> - <b>Wikipedia</b>","<b>Thomas Henry Huxley</b> PC ... he tended to push the origin of major groups such as birds and mammals back into the Palaeozoic <b>era</b>, ... <b>Charles Darwin</b>: Preceded by L-G <b>de</b> ..."
40062468,1035,"Turquía debe dejar de enseñar la teoría de la evolución de Darwin","2017-07-26 07:05:36.0"
40062468,1037,"Cada descendencia difiere de sus padres en maneras menores y aleatorias","2017-07-26 07:06:16.0"
42395271,733,"teoría de la evolución","2017-07-26 05:18:10.0"
42395271,733,"teoría de la evolución","2017-07-26 05:18:10.0","2017-07-26 05:18:22.0",2,http://inciclopedia.wikia.com/wiki/Teor%C3%ADa_de_la_Evoluci%C3%B3n,"<b>Teoría de la Evolución</b> | Inciclopedia | FANDOM powered by ...","<b>La teoría de la evolución</b>, formulada por Charles Darwin, sostiene que las especies evolucionan y..."
42395271,733,"teoría de la evolución","2017-07-26 05:18:10.0","2017-07-26 05:18:28.0",1,https://es.wikipedia.org/wiki/Evoluci%C3%B3n_biol%C3%B3gica,"<b>Evolución</b> biológica - Wikipedia, <b>la</b> enciclopedia libre","El origen <b>de la</b> vida, aunque atañe al estudio <b>de</b> los seres vivos, es un tema que no es abordado por <b>la teoría de la evolución</b>; pues esta última sólo se ocupa del ..."
42395271,733,"teoría de la evolución","2017-07-26 05:18:10.0","2017-07-26 05:18:30.0",5,http://www.vix.com/es/btg/curiosidades/3805/como-explicar-la-teoria-de-la-evolucion-de-manera-sencilla,"Como explicar <b>la</b> <b>teoría de la evolución</b> <b>de</b> manera sencilla ...","Hoy en día, está claro que <b>la teoría de la evolución</b> es un pilar fundamental en el estudio <b>de la</b> biología y <b>la</b> ciencia en general. Sin embargo, existen aún ..."
42395271,733,"teoría de la evolución","2017-07-26 05:18:10.0","2017-07-26 05:18:36.0",8,https://hipertextual.com/2016/02/darwin-evolucion,"<b>La</b> <b>teoría de la evolución</b>, explicada a principiantes","El día <b>de</b> Darwin parece un momento perfecto para explicar para todos los públicos una <b>de</b> mayores consecuencias <b>de</b> su trabajo: <b>la teoría de la evolución</b>."
43663333,821,"theory of evolution","2017-07-26 05:51:12.0"
43663333,821,"theory of evolution","2017-07-26 05:51:12.0","2017-07-26 05:51:17.0",1,https://www.livescience.com/474-controversy-evolution-works.html,"Darwin&#39;s <b>Theory of Evolution</b>: Definition &amp; Evidence","Charles Darwin&#39;s <b>theory of evolution</b> and natural selection isn&#39;t an idea with holes. It&#39;s one of the most solid theories in science. But what exactly is it?"
43663333,821,"theory of evolution","2017-07-26 05:51:12.0","2017-07-26 05:51:29.0",2,http://www.darwins-theory-of-evolution.com/,"<b>Darwin&#39;s Theory Of Evolution</b>","<b>Darwin&#39;s Theory Of Evolution</b> - A <b>theory</b> in crisis in light of the tremendous advances we&#39;ve made in molecular biology, biochemistry, genetics and information <b>theory</b>."
43663333,821,"theory of evolution","2017-07-26 05:51:12.0","2017-07-26 05:51:48.0",4,http://www.ucmp.berkeley.edu/history/evotheory.html,"<b>Evolution</b> <b>Theory</b> and Science","Charles Darwin wrote: &quot;THE AFFINITIES of all the beings of the same class have sometimes been represented by a great tree. I believe this simile largely speaks the truth."
43663333,821,"theory of evolution","2017-07-26 05:51:12.0","2017-07-26 05:51:51.0",6,https://en.wikipedia.org/wiki/Evolution,"<b>Evolution</b> - Wikipedia","The crucial break from the concept of constant typological classes or types in biology came with the <b>theory of evolution</b> through natural selection, ..."
43663333,821,"theory of evolution","2017-07-26 05:51:12.0","2017-07-26 05:52:33.0",11,http://www.bbc.co.uk/schools/gcsebitesize/science/21c_pre_2011/evolution/theoryevolutionrev2.shtml,"<b>BBC</b> - GCSE Bitesize: Darwin&#39;s <b>theory of evolution</b>","A secondary school revision resource for OCR GCSE 21st Century Science about nerves, hormones and the <b>theory of evolution</b>"
43663333,825,"charles darwin","2017-07-26 05:53:22.0"
43663333,825,"charles darwin","2017-07-26 05:53:22.0","2017-07-26 05:53:25.0",1,https://en.wikipedia.org/wiki/Charles_Darwin,"<b>Charles Darwin</b> - <b>Wikipedia</b>","<b>Charles</b> Robert <b>Darwin</b> was born in Shrewsbury, Shropshire, on 12 February 1809, at his family&#39;s home, The Mount. He was the fifth of six children of wealthy society ..."
43663333,825,"charles darwin","2017-07-26 05:53:22.0","2017-07-26 05:53:28.0",2,https://www.britannica.com/biography/Charles-Darwin,"<b>Charles Darwin</b> | British naturalist | <b>Britannica.com</b>","<b>Charles Darwin</b>: February 12, 1809 Shrewsbury, Shropshire, England April 19, 1882 Downe, Kent English naturalist whose scientific theory of evolution by natural ..."
43667456,798,"teoría de la evolución","2017-07-26 05:43:39.0"
43667456,798,"teoría de la evolución","2017-07-26 05:43:39.0","2017-07-26 05:43:46.0",1,https://es.wikipedia.org/wiki/Evoluci%C3%B3n_biol%C3%B3gica,"<b>Evolución</b> biológica - Wikipedia, <b>la</b> enciclopedia libre","El origen <b>de la</b> vida, aunque atañe al estudio <b>de</b> los seres vivos, es un tema que no es abordado por <b>la teoría de la evolución</b>; pues esta última sólo se ocupa del ..."
43667456,798,"teoría de la evolución","2017-07-26 05:43:39.0","2017-07-26 05:44:52.0",2,http://inciclopedia.wikia.com/wiki/Teor%C3%ADa_de_la_Evoluci%C3%B3n,"<b>Teoría de la Evolución</b> | Inciclopedia | FANDOM powered by ...","<b>La teoría de la evolución</b>, formulada por Charles Darwin, sostiene que las especies evolucionan y..."
43667456,798,"teoría de la evolución","2017-07-26 05:43:39.0","2017-07-26 05:46:04.0",3,https://historiaybiografias.com/teoria_evolucion/,"<b>La</b> <b>teoría de la Evolución</b> Darwin Charles <b>La</b> Selección Natural","<b>La teoría de la Evolución</b> Darwin Charles <b>La</b> Selección Natural: Desde <b>la</b> antigüedad, el modo <b>de</b> originarse <b>la</b> vida y <b>la</b> aparición <b>de la</b> gran variedad..."
43667456,801,"theory of evolution","2017-07-26 05:46:18.0"
43667456,805,"Evolution is a theory about the origin of life.","2017-07-26 05:47:54.0"
43667456,807,"Evolutionary theory implies that life evolved (and continues to evolve) randomly, or by chance alone","2017-07-26 05:48:22.0"
43667456,808,"Over time, species evolve towards being bigger, stronger, and more intelligent.","2017-07-26 05:48:43.0"
43667456,809,"Evolution is a theory about the origin of life.","2017-07-26 05:49:10.0"
43667456,812,"Evolution implies that individual organisms can evolve during a single lifespan.","2017-07-26 05:49:37.0"
43667456,814,"Natural selection describes how organisms try to adapt. Natural selection involves organisms trying ","2017-07-26 05:50:05.0"
43667456,818,"Each offspring differs from their parent(s) in minor, random ways.","2017-07-26 05:50:48.0"
43667456,822,"Over time, populations can split or branch off into new species.","2017-07-26 05:51:17.0"
43667456,824,"Modern synthesis is connecting natural selection, mutation theory, and Mendelian inheritance into a ","2017-07-26 05:51:42.0"
43667456,826,"Turkey is to stop teaching Darwin's theory of evolution in high schools.","2017-07-26 05:53:33.0"
43667456,828,"The modern understanding of evolution began with the publication of Charles Darwin's On the Origin ","2017-07-26 05:53:34.0"
43667456,830,"The forces of evolution are most evident when populations become isolated, either through geographic","2017-07-26 05:53:44.0"
43667456,831,"The modern understanding of evolution began with the publication of Charles Darwin's On the Origin ","2017-07-26 05:53:47.0"
43667456,832,"Thomas Henry Huxley was a friend of Charles Darwin.","2017-07-26 05:53:48.0"
42517948,915,"origem das especies","2017-07-26 06:22:34.0"
42517948,915,"origem das especies","2017-07-26 06:22:34.0","2017-07-26 06:22:42.0",1,https://pt.wikipedia.org/wiki/A_Origem_das_Esp%C3%A9cies,"A <b>Origem</b> <b>das</b> Espécies – Wikipédia, a enciclopédia livre","A <b>Origem das</b> Espécies (em inglês: On the Origin of Species), do naturalista britânico Charles Darwin, apresenta a Teoria da Evolução. O nome completo da primeira ..."
42517948,957,"evolução turquia","2017-07-26 06:30:53.0"
42517948,962,"amigo de darvin","2017-07-26 06:32:24.0"
42517948,982,"Henry Huxley","2017-07-26 06:38:50.0"
42517948,983,"Henry Huxley","2017-07-26 06:38:55.0"
42517948,983,"Henry Huxley","2017-07-26 06:38:55.0","2017-07-26 06:39:12.0",1,https://en.wikipedia.org/wiki/Thomas_Henry_Huxley,"<b>Thomas Henry Huxley</b> - <b>Wikipedia</b>","Biography Early life. <b>Thomas Henry Huxley</b> was born in Ealing, which was then a village in Middlesex. He was the second youngest of eight children of George <b>Huxley</b> and ..."
42517948,987,"teoria da evolucao","2017-07-26 06:39:22.0"
43687043,726,"theory of evolution","2017-07-26 05:15:19.0"
38911211,1029,"theory of evolution","2017-07-26 07:02:21.0"
43491544,736,"theory of evolution","2017-07-26 05:18:45.0"
43491544,737,"theory of evolution","2017-07-26 05:18:48.0"
43491544,737,"theory of evolution","2017-07-26 05:18:48.0","2017-07-26 05:21:54.0",1,https://www.livescience.com/474-controversy-evolution-works.html,"Darwin&#39;s <b>Theory of Evolution</b>: Definition &amp; Evidence","Charles Darwin&#39;s <b>theory of evolution</b> and natural selection isn&#39;t an idea with holes. It&#39;s one of the most solid theories in science. But what exactly is it?"
43491544,737,"theory of evolution","2017-07-26 05:18:48.0","2017-07-26 05:21:55.0",2,http://www.darwins-theory-of-evolution.com/,"<b>Darwin&#39;s Theory Of Evolution</b>","<b>Darwin&#39;s Theory Of Evolution</b> - A <b>theory</b> in crisis in light of the tremendous advances we&#39;ve made in molecular biology, biochemistry, genetics and information <b>theory</b>."
43491544,737,"theory of evolution","2017-07-26 05:18:48.0","2017-07-26 05:21:56.0",3,http://www.allaboutscience.org/darwins-theory-of-evolution.htm,"<b>Darwin&#39;s Theory Of Evolution</b> - AllAboutScience.org","<b>Darwin&#39;s Theory Of Evolution</b> - What claims did Darwin make. How do they stand up to the latest arguments and evidences? Consider the facts."
43491544,737,"theory of evolution","2017-07-26 05:18:48.0","2017-07-26 05:22:56.0",7,https://answersingenesis.org/theory-of-evolution/,"<b>Theory of Evolution</b> | Answers in Genesis","Biological <b>evolution</b>: is it a scientific fact, a <b>theory</b>, or just a hypothesis? How does this model of origins hold up under careful scientific scrutiny?"
43491544,737,"theory of evolution","2017-07-26 05:18:48.0","2017-07-26 05:22:58.0",9,http://www.allaboutthejourney.org/theory-of-evolution.htm,"<b>Theory Of Evolution</b> - The Journey - AllAboutTheJourney.org","<b>Theory Of Evolution</b> - There were at least five fundamental stages <b>of evolution</b> that were required prior to any possibility of organic life."
43491544,768,"Thomas Henry Huxley","2017-07-26 05:30:32.0"
43491544,768,"Thomas Henry Huxley","2017-07-26 05:30:32.0","2017-07-26 05:30:35.0",1,https://en.wikipedia.org/wiki/Thomas_Henry_Huxley,"<b>Thomas Henry Huxley</b> - <b>Wikipedia</b>","Biography Early life. <b>Thomas Henry Huxley</b> was born in Ealing, which was then a village in Middlesex. He was the second youngest of eight children of George <b>Huxley</b> and ..."
43491544,770,"Thomas Henry Huxley charles darwin","2017-07-26 05:30:42.0"
43491544,770,"Thomas Henry Huxley charles darwin","2017-07-26 05:30:42.0","2017-07-26 05:31:33.0",3,http://www.ucmp.berkeley.edu/history/thuxley.html,"<b>Thomas</b> <b>Henry</b> <b>Huxley</b> - UCMP","<b>Thomas Henry Huxley</b> was one of the first adherents to <b>Darwin</b>&#39;s theory of evolution by natural selection, ... and the naturalist <b>Charles Darwin</b>."
43491544,775,"Modern synthesis","2017-07-26 05:31:36.0"
43491544,775,"Modern synthesis","2017-07-26 05:31:36.0","2017-07-26 05:31:38.0",1,https://en.wikipedia.org/wiki/Modern_evolutionary_synthesis,"<b>Modern synthesis</b> - <b>Wikipedia</b>","The <b>modern synthesis</b> was the early 20th-century <b>synthesis</b> reconciling Charles Darwin&#39;s and Gregor Mendel&#39;s ideas in a joint mathematical framework that established ..."
43491544,775,"Modern synthesis","2017-07-26 05:31:36.0","2017-07-26 05:32:39.0",1,https://en.wikipedia.org/wiki/Modern_evolutionary_synthesis,"<b>Modern synthesis</b> - <b>Wikipedia</b>","The <b>modern synthesis</b> was the early 20th-century <b>synthesis</b> reconciling Charles Darwin&#39;s and Gregor Mendel&#39;s ideas in a joint mathematical framework that established ..."
43491544,775,"Modern synthesis","2017-07-26 05:31:36.0","2017-07-26 05:32:41.0",3,http://www.talkorigins.org/faqs/modern-synthesis.html,"The <b>Modern Synthesis of Genetics</b> and Evolution","Darwin developed his theory of natural selection without any knowledge of genetics. Since Darwin, genetics and evolution have been synthesized. Furthermore, natural ..."
43491544,778,"Turkey is to stop teaching Darwin","2017-07-26 05:33:09.0"
43491544,779,"he forces of evolution are most evident when populations become isolated, either through geographic ","2017-07-26 05:33:55.0"
43491544,779,"he forces of evolution are most evident when populations become isolated, either through geographic ","2017-07-26 05:33:55.0","2017-07-26 05:33:59.0",1,https://en.wikipedia.org/wiki/Introduction_to_evolution,"<b>Introduction to evolution</b> - <b>Wikipedia</b>","The <b>forces of evolution are most evident when populations become isolated</b>, <b>either through geographic</b> distance or by other ... <b>isolated populations</b> can branch off ..."
43491544,780," Modern synthesis is connecting natural selection, mutation theory, and Mendelian inheritance into a","2017-07-26 05:34:08.0"
43491544,780," Modern synthesis is connecting natural selection, mutation theory, and Mendelian inheritance into a","2017-07-26 05:34:08.0","2017-07-26 05:34:41.0",1,https://en.wikipedia.org/wiki/Modern_evolutionary_synthesis,"<b>Modern synthesis</b> - <b>Wikipedia</b>","The <b>modern synthesis</b> ... between Relatives on the Supposition of <b>Mendelian Inheritance</b>,&quot; ... in his 1930 book The Genetical <b>Theory</b> of <b>Natural Selection</b>, ..."
43491544,790,"Evolutionary theory implies that life evolved (and continues to evolve) randomly, or by chance alone","2017-07-26 05:36:01.0"
43491544,790,"Evolutionary theory implies that life evolved (and continues to evolve) randomly, or by chance alone","2017-07-26 05:36:01.0","2017-07-26 05:36:06.0",1,http://evolution.berkeley.edu/evolibrary/misconceptions_about_evolution.pdf,"<b>I. Misconceptions about evolutionary theory and</b> processes","<b>I. Misconceptions about evolutionary theory and</b> processes ... <b>Evolutionary theory implies that life evolved</b> (<b>and continues to evolve</b>) <b>randomly</b>, <b>or by chance</b>."
43509684,782,"theory of evolution' . ","2017-07-26 05:34:27.0"
43509684,782,"theory of evolution' . ","2017-07-26 05:34:27.0","2017-07-26 05:34:38.0",2,https://en.wikipedia.org/wiki/Evolution,"<b>Evolution</b> - Wikipedia","The crucial break from the concept of constant typological classes or types in biology came with the <b>theory of evolution</b> through natural selection, ..."
43509684,782,"theory of evolution' . ","2017-07-26 05:34:27.0","2017-07-26 05:35:22.0",8,https://simple.wikipedia.org/wiki/Evolution,"<b>Evolution</b> - <b>Simple English Wikipedia</b>, the free encyclopedia","<b>Evolution</b> is a scientific <b>theory</b> used by biologists. It explains how living things change over a long time, and how they have come to be the way they are."
34192482,893,"evolution theory","2017-07-26 06:17:41.0"
34192482,893,"evolution theory","2017-07-26 06:17:41.0","2017-07-26 06:17:46.0",1,https://en.wikipedia.org/wiki/Evolution,"<b>Evolution</b> - <b>Wikipedia</b>","<b>Evolution</b> in organisms occurs through changes in heritable traits—the inherited characteristics of an organism. In humans, for example, eye colour is an inherited ..."
34192482,895,"evolution turkey schools","2017-07-26 06:17:59.0"
34192482,895,"evolution turkey schools","2017-07-26 06:17:59.0","2017-07-26 06:18:02.0",1,https://www.theguardian.com/world/2017/jun/23/turkish-schools-to-stop-teaching-evolution-official-says,"Turkish <b>schools to stop teaching evolution, official says</b> ...","<b>Evolution</b> will no longer be taught in Turkish <b>schools</b>, a senior education official has said, in a move likely to raise the ire of the country’s secular opposition ..."
34192482,896,"huxley darwin","2017-07-26 06:18:19.0"
34192482,896,"huxley darwin","2017-07-26 06:18:19.0","2017-07-26 06:18:21.0",1,https://en.wikipedia.org/wiki/Thomas_Henry_Huxley,"<b>Thomas Henry Huxley</b> - <b>Wikipedia</b>","<b>Thomas Henry Huxley</b> PC PRS FLS (/ ˈ h ʌ k s l i /; 4 May 1825 – 29 June 1895) was an English biologist specialising in comparative anatomy. He is known as &quot;<b>Darwin</b> ..."
42544704,729,"theory of evolution","2017-07-26 05:17:31.0"
42544704,729,"theory of evolution","2017-07-26 05:17:31.0","2017-07-26 05:17:44.0",6,https://en.wikipedia.org/wiki/Evolution,"<b>Evolution</b> - Wikipedia","The crucial break from the concept of constant typological classes or types in biology came with the <b>theory of evolution</b> through natural selection, ..."
40777535,843,"theory of evolution","2017-07-26 06:03:23.0"
40777535,843,"theory of evolution","2017-07-26 06:03:23.0","2017-07-26 06:03:54.0",1,https://www.livescience.com/474-controversy-evolution-works.html,"Darwin&#39;s <b>Theory of Evolution</b>: Definition &amp; Evidence","Charles Darwin&#39;s <b>theory of evolution</b> and natural selection isn&#39;t an idea with holes. It&#39;s one of the most solid theories in science. But what exactly is it?"
40777535,843,"theory of evolution","2017-07-26 06:03:23.0","2017-07-26 06:04:04.0",2,http://www.darwins-theory-of-evolution.com/,"<b>Darwin&#39;s Theory Of Evolution</b>","<b>Darwin&#39;s Theory Of Evolution</b> - A <b>theory</b> in crisis in light of the tremendous advances we&#39;ve made in molecular biology, biochemistry, genetics and information <b>theory</b>."
40777535,843,"theory of evolution","2017-07-26 06:03:23.0","2017-07-26 06:05:02.0",6,https://en.wikipedia.org/wiki/Evolution,"<b>Evolution</b> - Wikipedia","The crucial break from the concept of constant typological classes or types in biology came with the <b>theory of evolution</b> through natural selection, ..."
40777535,863,"life evolved (and continues to evolve) randomly, or by chance alone","2017-07-26 06:09:42.0"
40777535,863,"life evolved (and continues to evolve) randomly, or by chance alone","2017-07-26 06:09:42.0","2017-07-26 06:10:23.0",2,http://www.windowview.org/sci/pgs/06chance.html,"<b>Chance</b> and <b>Evolution</b> - <b>Probability Alone Should End the</b> Debate","<b>Chance</b> — Probability <b>Alone</b> ... Spetner <b>continues</b> in a ... yet the <b>chance</b> that <b>life</b> could <b>evolve</b> from dead matter on any one of them ..."
40777535,865,"Over time, species evolve towards being bigger, stronger, and more intelligent","2017-07-26 06:10:30.0"
40777535,865,"Over time, species evolve towards being bigger, stronger, and more intelligent","2017-07-26 06:10:30.0","2017-07-26 06:11:09.0",7,https://en.wikipedia.org/wiki/Introduction_to_evolution,"<b>Introduction to evolution</b> - <b>Wikipedia</b>","<b>Over time</b>, isolated populations ... Coevolution is a process in which two or <b>more species</b> influence the <b>evolution</b> of each other. ... &quot;<b>Introduction to evolution</b> and ..."
40777535,870,"Evolution implies that individual organisms can evolve during a single lifespan","2017-07-26 06:12:08.0"
40777535,870,"Evolution implies that individual organisms can evolve during a single lifespan","2017-07-26 06:12:08.0","2017-07-26 06:12:31.0",1,http://evolution.berkeley.edu/evolibrary/misconceptions_faq.php,"Misconceptions about <b>evolution</b> - <b>evolution.berkeley.edu</b>","<b>Individual organisms can evolve during a single lifespan</b>. ... not <b>individual organisms</b>, <b>evolve</b>. ... and the other advanced <b>implies</b> that <b>evolution</b> entails progress ..."
40777535,889,"Turkey is to stop teaching Darwin's theory of evolution in high schoolsspan","2017-07-26 06:16:38.0"
40777535,890,"Thomas Henry Huxley was a friend of Charles Darwin","2017-07-26 06:17:07.0"
