43665081,158,"vih","2017-07-05 17:53:23.0"
43665081,158,"vih","2017-07-05 17:53:23.0","2017-07-05 17:53:50.0",1,https://es.wikipedia.org/wiki/Virus_de_la_inmunodeficiencia_humana,"Virus de la inmunodeficiencia humana - Wikipedia, la ...","El virus de la inmunodeficiencia humana (<b>VIH</b>) es un lentivirus (un subgrupo de los retrovirus) que causa la infección por <b>VIH</b> [1] y con el tiempo el síndrome de ..."
41008068,193,"transmission, prevention, and consequences of HIV infection","2017-07-17 12:20:31.0"
41008068,193,"transmission, prevention, and consequences of HIV infection","2017-07-17 12:20:31.0","2017-07-17 12:20:35.0",1,https://aidsinfo.nih.gov/understanding-hiv-aids/fact-sheets/20/48/the-basics-of-hiv-prevention,"The Basics <b>of HIV Prevention</b> | Understanding <b>HIV</b>/<b>AIDS</b> ...","... the <b>prevention</b> of mother-to-child <b>transmission</b>, and <b>HIV</b> treatment side <b>effects</b>. ... <b>AIDS</b> Clinical Trials; <b>HIV Prevention</b> . ... <b>Transmission</b>; <b>HIV</b> ..."
43709349,204,"HIV","2017-07-17 12:32:00.0"
43709349,204,"HIV","2017-07-17 12:32:00.0","2017-07-17 12:32:05.0",1,https://en.wikipedia.org/wiki/HIV,"<b>HIV</b> - Wikipedia","The <b>human</b> immunodeficiency virus (<b>HIV</b>) is a lentivirus (a subgroup of retrovirus) that causes <b>HIV</b> infection and over time acquired immunodeficiency syndrome (AIDS)."
41914129,229,"hiv protection treatment","2017-07-17 12:49:56.0"
41914129,229,"hiv protection treatment","2017-07-17 12:49:56.0","2017-07-17 12:51:01.0",1,https://www.cdc.gov/hiv/basics/prevention.html,"<b>Prevention</b> | <b>HIV</b> Basics | <b>HIV</b>/AIDS | CDC","Use condoms the right way every time you have sex, take medicines to prevent or treat <b>HIV</b> if appropriate, choose less risky sexual behaviors, get tested for other ..."
41914129,229,"hiv protection treatment","2017-07-17 12:49:56.0","2017-07-17 12:53:03.0",1,https://www.cdc.gov/hiv/basics/prevention.html,"<b>Prevention</b> | <b>HIV</b> Basics | <b>HIV</b>/AIDS | CDC","Use condoms the right way every time you have sex, take medicines to prevent or treat <b>HIV</b> if appropriate, choose less risky sexual behaviors, get tested for other ..."
41914129,229,"hiv protection treatment","2017-07-17 12:49:56.0","2017-07-17 12:53:54.0",3,http://www.mayoclinic.org/diseases-conditions/hiv-aids/basics/prevention/con-20013732,"<b>HIV</b>/AIDS Prevention - <b>Mayo Clinic</b>","<b>HIV</b>/AIDS — Comprehensive overview covers symptoms, <b>treatment</b> and prevention of this deadly infection."
43683868,284,"Formas de contagio do hiv","2017-07-17 13:37:58.0"
43683868,288,"Camisinha de pele humana é melhor que a de latex no combate ao hiv","2017-07-17 13:39:09.0"
43683868,288,"Camisinha de pele humana é melhor que a de latex no combate ao hiv","2017-07-17 13:39:09.0","2017-07-17 13:39:17.0",1,http://odia.ig.com.br/noticia/mundoeciencia/2015-04-14/nova-camisinha-da-prazer-de-usar.html,"Nova <b>camisinha</b> dá prazer <b>de</b> usar - Mundo &amp; Ciência - O Dia","Preservativo em fase <b>de</b> estudos será <b>de</b> material <b>que</b> imita a <b>pele humana e</b> ... o grupo acredita <b>que</b> o hidrogel <b>é</b> um bom substituto <b>ao</b> ... A <b>camisinha é</b> feita <b>de</b> ..."
43683868,289,"contagio do hiv de mae para filho","2017-07-17 13:41:12.0"
43683868,289,"contagio do hiv de mae para filho","2017-07-17 13:41:12.0","2017-07-17 13:41:50.0",7,http://aids-hivpositivo.blogspot.com/2008/04/formas-de-contgio.html,"<b>HIV</b>: Formas <b>de</b> contágio","... sob a responsabilidade <b>do</b> Professor Jordane Reis <b>de</b> ... Mãe infectada pode passar o <b>HIV para</b> o <b>filho</b> ... Doação <b>de</b> sangue Sabonete / toalha / lençóis <b>Para</b> ..."
36472590,274,"HIV infection","2017-07-17 13:18:33.0"
42192898,239,"consequences of HIV infection","2017-07-17 12:53:18.0"
42192898,239,"consequences of HIV infection","2017-07-17 12:53:18.0","2017-07-17 12:53:30.0",3,http://www.thebody.com/h/what-are-the-consequences-of-hiv-infection.html/,"What Are <b>The Consequences Of Hiv Infection</b> - The Body","<b>TheBody.com</b> fills you in on the topic, what are <b>the consequences of hiv infection</b>, with a wealth of fact sheets, expert advice, community perspective, the latest news ..."
42192898,239,"consequences of HIV infection","2017-07-17 12:53:18.0","2017-07-17 12:54:24.0",4,https://www.soaaids.nl/en/STIs/most-common-stis/hiv/symptoms-and-consequences,"Symptoms and <b>consequences</b> <b>of HIV</b> and <b>AIDS</b> - <b>Soa Aids Nederland</b>","Symptoms and <b>consequences of HIV</b> and <b>AIDS</b>. The <b>HIV</b> virus gets inside the body and then attacks certain cells, the so-called CD4+ T cells. It then invades these cells ..."
42192898,239,"consequences of HIV infection","2017-07-17 12:53:18.0","2017-07-17 12:56:46.0",6,https://www.stat.wisc.edu/~larget/Genetics629/hiv.pdf,"<b>THE CAUSES AND CONSEQUENCES OF HIV EVOLUTION</b>","<b>THE CAUSES AND CONSEQUENCES OF HIV EVOLUTION</b> ... successful treatment <b>of HIV infection</b> is so difficult — its rapid rate of evolutionary change — has"
42192898,250," HIV infection","2017-07-17 13:00:17.0"
42192898,259,"вич и спид в чем разница","2017-07-17 13:07:09.0"
42192898,259,"вич и спид в чем разница","2017-07-17 13:07:09.0","2017-07-17 13:07:14.0",2,http://1ginekologiya.com/zppp/spid/chem-otlichaetsya-vich-ot-spida.html,"<b>Чем</b> отличается <b>ВИЧ</b> от СПИДа? Отличия <b>и</b> <b>разница</b> инфекций","<b>ВИЧ и СПИД</b>: <b>разница в</b> ... <b>в чем</b> отличие СПИДа от <b>ВИЧ</b>? <b>СПИД</b> является приобретенным синдромом, ..."
42192898,260,"распространение вич","2017-07-17 13:09:01.0"
42192898,260,"распространение вич","2017-07-17 13:09:01.0","2017-07-17 13:09:05.0",1,http://www.aidsmap.com/v634552224160000000/file/1051750/6__The_spread_of_HIV_in_other_ways.pdf,"<b>Распространение ВИЧ</b> инфекции другими способами","1 6. <b>Распространение ВИЧ</b>-инфекции другими способами История Кирилла Как передается <b>ВИЧ</b>"
19298085,285,"'transmission, prevention, and consequences of HIV infection","2017-07-17 13:38:39.0"
19298085,286,"transmission, prevention, and consequences of HIV infection","2017-07-17 13:38:44.0"
19298085,286,"transmission, prevention, and consequences of HIV infection","2017-07-17 13:38:44.0","2017-07-17 13:39:02.0",1,https://aidsinfo.nih.gov/understanding-hiv-aids/fact-sheets/20/48/the-basics-of-hiv-prevention,"The Basics <b>of HIV Prevention</b> | Understanding <b>HIV</b>/<b>AIDS</b> ...","... the <b>prevention</b> of mother-to-child <b>transmission</b>, and <b>HIV</b> treatment side <b>effects</b>. ... <b>AIDS</b> Clinical Trials; <b>HIV Prevention</b> . ... <b>Transmission</b>; <b>HIV</b> ..."
19298085,286,"transmission, prevention, and consequences of HIV infection","2017-07-17 13:38:44.0","2017-07-17 13:43:24.0",4,https://www.avert.org/hiv-transmission-prevention,"<b>HIV</b> <b>transmission &amp; prevention</b> | <b>AVERT</b>","Educate yourself about <b>HIV transmission</b> so you know how <b>HIV</b> can be passed from person to ... <b>Transmission &amp; prevention</b>. ... Myths about <b>HIV</b> and <b>AIDS</b>; <b>HIV</b> fact sheets ..."
39751828,156,"vih","2017-07-05 17:43:58.0"
39751828,156,"vih","2017-07-05 17:43:58.0","2017-07-05 17:44:03.0",1,https://es.wikipedia.org/wiki/Virus_de_la_inmunodeficiencia_humana,"Virus de la inmunodeficiencia humana - Wikipedia, la ...","El virus de la inmunodeficiencia humana (<b>VIH</b>) es un lentivirus (un subgrupo de los retrovirus) que causa la infección por <b>VIH</b> [1] y con el tiempo el síndrome de ..."
41992810,114,"infecção pelo HIV","2017-07-05 17:05:17.0"
41992810,115,"infecção pelo HIV","2017-07-05 17:05:18.0"
41992810,115,"infecção pelo HIV","2017-07-05 17:05:18.0","2017-07-05 17:05:23.0",1,https://portugues.cdc.gov/zika/hc-providers/clinical-guidance/hivzika.html,"<b>Infecção pelo HIV</b> e o zika vírus | Zika vírus | CDC","<b>Infecção pelo HIV</b> e o zika vírus; Testes de zika. Amostras de teste - no momento do nascimento ; Testes de diagnóstico; Entendendo os resultados de teste do zika ..."
41992810,115,"infecção pelo HIV","2017-07-05 17:05:18.0","2017-07-05 17:05:27.0",2,http://www.mdsaude.com/2014/02/infeccao-aguda-hiv.html,"<b>INFECÇÃO</b> AGUDA <b>PELO</b> <b>HIV</b> – Síndrome Retroviral Aguda","A <b>infecção</b> aguda <b>pelo</b> vírus <b>HIV</b> é um quadro semelhante à gripe, que surge 2 a 4 semanas após o paciente ter sido contaminado com o <b>HIV</b>. Saiba mais."
41992810,115,"infecção pelo HIV","2017-07-05 17:05:18.0","2017-07-05 17:05:28.0",3,http://www.aids.gov.br/pcdt/2,"2. <b>Infecção pelo HIV</b> e inflamação | Departamento de ...","A <b>infecção pelo HIV</b> desencadeia alterações inflamatórias durante todo o curso da <b>infecção</b>. Durante a fase aguda, ocorre uma resposta inflamatória ..."
41992810,115,"infecção pelo HIV","2017-07-05 17:05:18.0","2017-07-05 17:05:28.0",4,https://soropositivo.org/tag/infectada-pelo-hiv/,"Arquivos infectada <b>pelo</b> <b>hiv</b> - Soropositivo. Org - Há Vida ...","Infectada <b>pelo hiv</b> | e sabe-se muito a respeito dele na atualidade, a <b>infecção</b> por <b>HIV</b> pode ser erradicada do corpo humano se a pessoa infectada com <b>HIV</b> procucrar ..."
41992810,115,"infecção pelo HIV","2017-07-05 17:05:18.0","2017-07-05 17:05:29.0",5,https://www.medbox.org/manual-de-tratamento-da-crianca-com-infeccao-pelo-hivsida-em-mocambique/download.pdf,"MANUAL DE TRATAMENTO DA CRIANÇA COM <b>INFECÇÃO PELO HIV</b>/SIDA ...","Manual de tratamento da criança com <b>infecção pelo HIV</b> MISAU, PNC ITS/ <b>HIV</b>/SIDA 7 IV.3. Breve descrição dos testes usados para a detecção do <b>HIV</b> 45"
41992810,115,"infecção pelo HIV","2017-07-05 17:05:18.0","2017-07-05 17:05:30.0",6,http://www.infectologia.net.br/infeccao-pelo-hiv-3/,"<b>Infecção pelo HIV</b> aids | Dr.Guenael Freire- Infectologista","A <b>infecção pelo HIV</b> caracteriza-se por ser de longa duração, com uma fase aguda (síndrome retroviral aguda), caracterizada por sinais e sintomas como febre, ..."
43239288,132,"'transmission, prevention, and consequences of HIV infection'","2017-07-05 17:26:45.0"
43239288,134,"'transmission, prevention, and consequences of HIV infection'","2017-07-05 17:27:04.0"
43239288,134,"'transmission, prevention, and consequences of HIV infection'","2017-07-05 17:27:04.0","2017-07-05 17:27:17.0",1,https://aidsinfo.nih.gov/understanding-hiv-aids/fact-sheets/20/48/the-basics-of-hiv-prevention,"The Basics <b>of HIV Prevention</b> | Understanding <b>HIV</b>/<b>AIDS</b> ...","... the <b>prevention</b> of mother-to-child <b>transmission</b>, and <b>HIV</b> treatment side <b>effects</b>. ... <b>AIDS</b> Clinical Trials; <b>HIV Prevention</b> . ... <b>Transmission</b>; <b>HIV</b> ..."
33088361,241,"hiv transmission","2017-07-17 12:53:33.0"
33088361,241,"hiv transmission","2017-07-17 12:53:33.0","2017-07-17 12:53:40.0",1,http://www.webmd.com/hiv-aids/hiv-aids-transmission-directory,"<b>AIDS/HIV Transmission</b> Directory: Find News, Features, and ...","<b>AIDS / HIV Transmission</b> Directory. <b>HIV</b> is transmitted when an infected person&#39;s bodily fluids enter another person&#39;s body. This usually happens through sex or drug use."
33088361,241,"hiv transmission","2017-07-17 12:53:33.0","2017-07-17 12:54:49.0",3,https://www.avert.org/hiv-transmission-prevention,"<b>HIV transmission &amp; prevention</b> | <b>AVERT</b>","Educate yourself about <b>HIV transmission</b> so you know how <b>HIV</b> can be passed from person to person, and how to protect yourself from it."
8057247,221,"transmission, prevention and consequences of HIV ","2017-07-17 12:45:49.0"
8057247,221,"transmission, prevention and consequences of HIV ","2017-07-17 12:45:49.0","2017-07-17 12:45:57.0",1,https://aidsinfo.nih.gov/understanding-hiv-aids/fact-sheets/20/48/the-basics-of-hiv-prevention,"The Basics <b>of HIV Prevention</b> | Understanding <b>HIV</b>/AIDS ...","... the <b>prevention</b> of mother-to-child <b>transmission</b>, and <b>HIV</b> treatment side <b>effects</b>. ... PrEP is an <b>HIV prevention</b> option for people who don’t have <b>HIV</b> ..."
8057247,221,"transmission, prevention and consequences of HIV ","2017-07-17 12:45:49.0","2017-07-17 12:46:14.0",2,https://www.cdc.gov/hiv/basics/prevention.html,"<b>Prevention</b> | <b>HIV</b> Basics | <b>HIV</b>/AIDS | CDC","Both of these factors can increase the risk <b>of HIV transmission</b>. ... term health <b>consequences</b>. ... of getting or transmitting <b>HIV</b>, adding other <b>prevention</b> ..."
8057247,231,"hiv and aids are the same thing","2017-07-17 12:51:00.0"
43507316,201,"ransmission, prevention, and consequences of HIV infection'. ","2017-07-17 12:24:49.0"
43507316,201,"ransmission, prevention, and consequences of HIV infection'. ","2017-07-17 12:24:49.0","2017-07-17 12:24:51.0",1,https://aidsinfo.nih.gov/understanding-hiv-aids/fact-sheets/20/48/the-basics-of-hiv-prevention,"The Basics <b>of HIV Prevention</b> | Understanding <b>HIV</b>/<b>AIDS</b> ...","... the <b>prevention</b> of mother-to-child <b>transmission</b>, and <b>HIV</b> treatment side <b>effects</b>. ... <b>AIDS</b> Clinical Trials; <b>HIV Prevention</b> . ... <b>Transmission</b>; <b>HIV</b> ..."
43507316,201,"ransmission, prevention, and consequences of HIV infection'. ","2017-07-17 12:24:49.0","2017-07-17 12:27:43.0",1,https://aidsinfo.nih.gov/understanding-hiv-aids/fact-sheets/20/48/the-basics-of-hiv-prevention,"The Basics <b>of HIV Prevention</b> | Understanding <b>HIV</b>/<b>AIDS</b> ...","... the <b>prevention</b> of mother-to-child <b>transmission</b>, and <b>HIV</b> treatment side <b>effects</b>. ... <b>AIDS</b> Clinical Trials; <b>HIV Prevention</b> . ... <b>Transmission</b>; <b>HIV</b> ..."
41584251,192,"como se contrai a hiv","2017-07-17 12:18:25.0"
41584251,192,"como se contrai a hiv","2017-07-17 12:18:25.0","2017-07-17 12:18:29.0",1,http://www.mdsaude.com/2009/01/transmissao-hiv-aids-sida.html,"<b>COMO</b> <b>SE</b> TRANSMITE O VÍRUS <b>HIV</b> » MD.Saúde","Só <b>se contrai</b> o vírus <b>HIV</b> de uma pessoa infectada pelo mesmo; ou seja, ... <b>Se</b> você ainda tem dúvidas sobre a transmissão do <b>HIV</b>, leia: <b>COMO SE</b> PEGA AIDS ..."
36736084,206,"transmission, prevention, and consequences of HIV infection","2017-07-17 12:33:17.0"
36736084,206,"transmission, prevention, and consequences of HIV infection","2017-07-17 12:33:17.0","2017-07-17 12:33:39.0",1,https://aidsinfo.nih.gov/understanding-hiv-aids/fact-sheets/20/48/the-basics-of-hiv-prevention,"The Basics <b>of HIV Prevention</b> | Understanding <b>HIV</b>/<b>AIDS</b> ...","... the <b>prevention</b> of mother-to-child <b>transmission</b>, and <b>HIV</b> treatment side <b>effects</b>. ... <b>AIDS</b> Clinical Trials; <b>HIV Prevention</b> . ... <b>Transmission</b>; <b>HIV</b> ..."
43151235,104,"douching","2017-07-05 17:01:23.0"
43151235,105,"douching aids","2017-07-05 17:01:31.0"
43151235,108,"aids tell parents","2017-07-05 17:02:45.0"
43151235,109,"aids tell parents diagnosis","2017-07-05 17:02:57.0"
43151235,113,"aids cancer test","2017-07-05 17:04:36.0"
43151235,119,"aids giving blood","2017-07-05 17:06:31.0"
43151235,120,"aids test during cancer diagnosis","2017-07-05 17:07:12.0"
43151235,122,"pap smear aids","2017-07-05 17:11:55.0"
43151235,123,"oral sex aids","2017-07-05 17:12:45.0"
43151235,125,"natural skin condom vs latex condom","2017-07-05 17:13:52.0"
43151235,126,"natural skin condom vs latex condom aids","2017-07-05 17:14:38.0"
43026943,45,"hiv","2017-07-04 18:53:53.0"
43026943,45,"hiv","2017-07-04 18:53:53.0","2017-07-04 18:53:58.0",1,https://en.wikipedia.org/wiki/HIV,"<b>HIV</b> - Wikipedia","The <b>human immunodeficiency virus</b> (<b>HIV</b>) is a lentivirus (a subgroup of retrovirus) that causes <b>HIV</b> infection and over time acquired immunodeficiency ..."
43026943,46,"hiv transmission","2017-07-04 18:54:18.0"
43026943,46,"hiv transmission","2017-07-04 18:54:18.0","2017-07-04 18:55:04.0",1,http://www.webmd.com/hiv-aids/hiv-aids-transmission-directory,"<b>AIDS/HIV Transmission</b> Directory: Find News, Features, and ...","<b>AIDS / HIV Transmission</b> Directory. <b>HIV</b> is transmitted when an infected person&#39;s bodily fluids enter another person&#39;s body. This usually happens through sex or drug use."
43026943,47,"aids","2017-07-04 19:02:02.0"
43026943,47,"aids","2017-07-04 19:02:02.0","2017-07-04 19:02:10.0",4,https://www.plannedparenthood.org/learn/stds-hiv-safer-sex/hiv-aids,"What Is <b>HIV / AIDS</b> &amp; How Do You Get It?","HIV is the virus that causes <b>AIDS</b>. It damages your immune system, making it easier for you to get sick. Condoms can help protect from HIV during sex."
42546938,220,"transmission, prevention, and consequences of HIV infection","2017-07-17 12:45:40.0"
42546938,220,"transmission, prevention, and consequences of HIV infection","2017-07-17 12:45:40.0","2017-07-17 12:49:51.0",1,https://aidsinfo.nih.gov/understanding-hiv-aids/fact-sheets/20/48/the-basics-of-hiv-prevention,"The Basics <b>of HIV Prevention</b> | Understanding <b>HIV</b>/<b>AIDS</b> ...","... the <b>prevention</b> of mother-to-child <b>transmission</b>, and <b>HIV</b> treatment side <b>effects</b>. ... <b>AIDS</b> Clinical Trials; <b>HIV Prevention</b> . ... <b>Transmission</b>; <b>HIV</b> ..."
38827747,144,"transmission, prevention, and consequences of HIV infection'","2017-07-05 17:30:36.0"
38827747,144,"transmission, prevention, and consequences of HIV infection'","2017-07-05 17:30:36.0","2017-07-05 17:30:56.0",4,http://www.aidsmap.com/Transmission-and-prevention/cat/1377/,"<b>HIV</b> &amp; <b>AIDS</b> Information :: Topics - <b>Transmission and prevention</b>","<b>Transmission and prevention</b> news from aidsmap . Young women in Zimbabwe in sexual relationships with older men have an especially high risk of <b>infection</b> with <b>HIV</b>"
38827747,144,"transmission, prevention, and consequences of HIV infection'","2017-07-05 17:30:36.0","2017-07-05 17:31:08.0",7,http://www.thebody.com/h/what-are-the-consequences-of-hiv-infection.html/,"What Are <b>The Consequences Of Hiv Infection</b> - The Body","... what are <b>the consequences of hiv infection</b>, ... <b>Prevention</b>; <b>HIV</b>/<b>AIDS</b> Basics; <b>HIV Prevention</b>; ... Risk of HCV <b>transmission</b> ..."
38827747,144,"transmission, prevention, and consequences of HIV infection'","2017-07-05 17:30:36.0","2017-07-05 17:31:09.0",6,http://www.sciencedirect.com/science/article/pii/B9780123756787001139,"<b>HIV</b>/<b>AIDS: Transmission, Treatment, and Prevention</b> ...","<b>HIV</b>/<b>AIDS: Transmission, Treatment, and Prevention</b>, ... three themes <b>of HIV transmission</b>, <b>prevention</b>, and <b>AIDS</b> ... <b>consequences</b> of the <b>HIV</b>/<b>AIDS</b> epidemic is the ..."
38827747,152,"transmission, prevention, and consequences of HIV infection'","2017-07-05 17:32:31.0"
38827747,152,"transmission, prevention, and consequences of HIV infection'","2017-07-05 17:32:31.0","2017-07-05 17:33:02.0",1,https://aidsinfo.nih.gov/understanding-hiv-aids/fact-sheets/20/48/the-basics-of-hiv-prevention,"The Basics <b>of HIV Prevention</b> | Understanding <b>HIV</b>/<b>AIDS</b> ...","... the <b>prevention</b> of mother-to-child <b>transmission</b>, and <b>HIV</b> treatment side <b>effects</b>. ... <b>AIDS</b> Clinical Trials; <b>HIV Prevention</b> . ... <b>Transmission</b>; <b>HIV</b> ..."
38827747,152,"transmission, prevention, and consequences of HIV infection'","2017-07-05 17:32:31.0","2017-07-05 17:33:18.0",3,https://en.wikipedia.org/wiki/Prevention_of_HIV/AIDS,"<b>Prevention</b> <b>of HIV</b>/<b>AIDS</b> - <b>Wikipedia</b>","<b>HIV prevention</b> might refer to practices done to prevent the spread <b>of HIV</b>/<b>AIDS</b>. <b>HIV prevention</b> practices may ... <b>HIV transmission</b> by ... preventive <b>effects</b>. ..."
41274310,83,"hiv","2017-07-05 16:57:36.0"
41274310,83,"hiv","2017-07-05 16:57:36.0","2017-07-05 16:57:45.0",4,https://www.plannedparenthood.org/learn/stds-hiv-safer-sex/hiv-aids,"What Is <b>HIV / AIDS</b> &amp; How Do You Get It?","<b>HIV</b> is the virus that causes AIDS. It damages your immune system, making it easier for you to get sick. Condoms can help protect from <b>HIV</b> during sex."
41274310,83,"hiv","2017-07-05 16:57:36.0","2017-07-05 16:57:48.0",5,http://www.medicalnewstoday.com/articles/17131.php,"<b>HIV</b> and <b>AIDS: Causes, symptoms, and treatments</b> - Medical ...","AIDS (acquired immunodeficiency syndrome) is a syndrome caused by a virus called <b>HIV</b> (<b>human immunodeficiency virus</b>). The disease alters the immune system, making ..."
41274310,83,"hiv","2017-07-05 16:57:36.0","2017-07-05 16:57:53.0",7,http://www.webmd.com/hiv-aids/default.htm,"AIDS and <b>HIV</b> Health Center - WebMD","Where the disease came from and how far treatment has come. <b>Human immunodeficiency virus</b>, or <b>HIV</b>, is the virus that causes AIDS. <b>HIV/AIDS</b> weakens a person&#39;s ability ..."
34968890,187,"hiv","2017-07-17 12:15:14.0"
34968890,188,"hiv transmission","2017-07-17 12:15:22.0"
34968890,188,"hiv transmission","2017-07-17 12:15:22.0","2017-07-17 12:15:25.0",2,https://www.cdc.gov/hiv/basics/transmission.html,"<b>HIV Transmission</b> | <b>HIV</b> Basics | <b>HIV</b>/AIDS | CDC","Myths persist about how <b>HIV</b> is transmitted. This section provides the facts about <b>HIV</b> risk from different types of sex, injection drug use, and other activities. You ..."
34723350,70,"hiv oral sex","2017-07-05 16:55:05.0"
34723350,70,"hiv oral sex","2017-07-05 16:55:05.0","2017-07-05 16:55:09.0",1,http://www.medhelp.org/user_journals/show/154498/Can-I-get-HIV-through-oral-sex,"Can <b>I get HIV through oral sex</b>? - Dr. Jose Gonzalez-Garcia ...","Can <b>I get HIV through oral sex</b>? is probably one of the most frequent questions we get asked at Freedomhealth either in person or via our Sexual Health Forum."
34723350,74,"hiv saliva","2017-07-05 16:56:06.0"
34723350,74,"hiv saliva","2017-07-05 16:56:06.0","2017-07-05 16:56:12.0",1,https://www.cdc.gov/hiv/basics/transmission.html,"<b>HIV</b> <b>Transmission</b> | <b>HIV</b> Basics | <b>HIV</b>/AIDS | CDC","<b>HIV</b> is not spread through <b>saliva</b>. ... Although <b>HIV transmission</b> is possible in health care settings, it is extremely rare. Careful practice of infection control, ..."
41232710,121,"sida vih","2017-07-05 17:07:53.0"
41232710,121,"sida vih","2017-07-05 17:07:53.0","2017-07-05 17:08:05.0",1,https://medlineplus.gov/spanish/hivaids.html,"<b>VIH</b>/<b>SIDA</b>: MedlinePlus en español","El <b>VIH</b> es un virus que daña las células del sistema inmunitario del cuerpo. <b>SIDA</b> es el estadio más avanzado de esta infección. Prevención, tratamiento."
41232710,121,"sida vih","2017-07-05 17:07:53.0","2017-07-05 17:08:13.0",2,https://es.wikipedia.org/wiki/Sida,"<b>VIH</b>/<b>sida</b> - Wikipedia, la enciclopedia libre","<b>VIH</b>/<b>sida</b>; El lazo rojo es un símbolo de solidaridad hacia las personas <b>VIH</b> positivo y aquellos que viven con <b>sida</b>. [1] Clasificación y recursos externos"
35271549,78,"hiv","2017-07-05 16:56:37.0"
35271549,78,"hiv","2017-07-05 16:56:37.0","2017-07-05 16:56:41.0",1,https://en.wikipedia.org/wiki/HIV,"<b>HIV</b> - Wikipedia","The <b>human immunodeficiency virus</b> (<b>HIV</b>) is a lentivirus (a subgroup of retrovirus) that causes <b>HIV</b> infection and over time acquired immunodeficiency ..."
35271549,81,"transmission hiv","2017-07-05 16:57:23.0"
35271549,81,"transmission hiv","2017-07-05 16:57:23.0","2017-07-05 16:57:24.0",3,http://www.healthline.com/health/hiv-aids/transmission-myths,"<b>HIV Transmission Myths</b> Busted: Know the Facts","<b>Human immunodeficiency virus</b> (<b>HIV</b>) is a virus that attacks the immune system. <b>HIV</b> can cause acquired immune deficiency syndrome (AIDS), a disease that severely ..."
35271549,81,"transmission hiv","2017-07-05 16:57:23.0","2017-07-05 16:57:25.0",1,http://www.webmd.com/hiv-aids/hiv-aids-transmission-directory,"<b>AIDS/HIV Transmission</b> Directory: Find News, Features, and ...","<b>AIDS / HIV Transmission</b> Directory. <b>HIV</b> is transmitted when an infected person&#39;s bodily fluids enter another person&#39;s body. This usually happens through sex or drug use."
35271549,103,"transmission dd","2017-07-05 17:01:02.0"
35271549,103,"transmission dd","2017-07-05 17:01:02.0","2017-07-05 17:01:06.0",2,https://www.dd-wrt.com/wiki/index.php/Transmission_daemon,"<b>Transmission daemon</b> - <b>DD-WRT</b> Wiki","I have just tried out this <b>Transmission</b> Torrent thing (1.75). This is how I got it running (Sep. 2009 on v24preSP2 Eko <b>dd-wrt</b>.v24-12774_NEWD_mini_usb_ftp)."
43516157,170,"hiv","2017-07-05 18:29:15.0"
43516157,170,"hiv","2017-07-05 18:29:15.0","2017-07-05 18:29:22.0",2,http://www.mayoclinic.org/diseases-conditions/hiv-aids/basics/symptoms/CON-20013732,"<b>HIV</b>/AIDS Symptoms - <b>Mayo Clinic</b>","<b>HIV</b>/AIDS — Comprehensive overview covers symptoms, treatment and prevention of this deadly infection."
43516157,170,"hiv","2017-07-05 18:29:15.0","2017-07-05 18:29:27.0",4,https://www.plannedparenthood.org/learn/stds-hiv-safer-sex/hiv-aids,"What Is <b>HIV / AIDS</b> &amp; How Do You Get It?","<b>HIV</b> is the virus that causes AIDS. It damages your immune system, making it easier for you to get sick. Condoms can help protect from <b>HIV</b> during sex."
43516157,171,"aisd","2017-07-05 18:29:36.0"
43516157,172,"vih","2017-07-05 18:29:45.0"
43516157,172,"vih","2017-07-05 18:29:45.0","2017-07-05 18:29:55.0",5,http://www.who.int/topics/hiv_aids/es/,"OMS | <b>VIH</b>/SIDA","El virus de la inmunodeficiencia humana (<b>VIH</b>) infecta a las células del sistema inmunitario, alterando o anulando su función. La infección produce un deterioro ..."
43516157,173,"contraer hiv","2017-07-05 18:30:20.0"
43516157,174," prevention hiv","2017-07-05 18:30:31.0"
43516157,175,"tattoo and hiv","2017-07-05 18:32:05.0"
43516157,176,"tattoo and hiv","2017-07-05 18:32:05.0"
43516157,176,"tattoo and hiv","2017-07-05 18:32:05.0","2017-07-05 18:32:17.0",2,https://www.verywell.com/can-i-get-hiv-from-a-tattoo-or-body-piercing-49564,"<b>Can I Get HIV From a Tattoo</b> or Body Piercing? - Verywell","While the risk of <b>HIV</b> from tattooing and body piercing is considered to be low, there are factors than can increase risk significantly in some."
43516157,177,"se puede contraer vih tatuaje","2017-07-05 18:33:38.0"
43516157,177,"se puede contraer vih tatuaje","2017-07-05 18:33:38.0","2017-07-05 18:33:45.0",2,https://www.cdc.gov/hiv/spanish/basics/transmission.html,"Transmisión del <b>VIH</b> | Información básica | <b>VIH</b>/SIDA | CDC","<b>Se puede contraer</b> el <b>VIH</b> por hacerse <b>tatuajes</b> o perforaciones corporales si los equipos que <b>se</b> usan para estos procedimientos contienen sangre de otra persona o si ..."
43516157,177,"se puede contraer vih tatuaje","2017-07-05 18:33:38.0","2017-07-05 18:34:13.0",9,http://www.amfar.org/about-hiv-and-aids/informacion-en-espanol/los-hechos-de-la-vida/,"amfAR :: Los hechos de la vida :: The Foundation for AIDS ...","<b>Se puede</b> transmitir el ... Son muy pocos los casos en que la transmisión del <b>VIH se</b> debe a ... ¿Debería estar preocupado por el <b>VIH</b> si me hago un <b>tatuaje</b> o ..."
43516157,178,"hi vy antibioticos","2017-07-05 18:35:16.0"
43516157,179,"hiv antibiotics","2017-07-05 18:35:17.0"
38775014,90,"'transmission, prevention, and consequences of HIV infection","2017-07-05 16:58:21.0"
38775014,90,"'transmission, prevention, and consequences of HIV infection","2017-07-05 16:58:21.0","2017-07-05 16:58:43.0",1,https://aidsinfo.nih.gov/understanding-hiv-aids/fact-sheets/20/48/the-basics-of-hiv-prevention,"The Basics <b>of HIV Prevention</b> | Understanding <b>HIV</b>/<b>AIDS</b> ...","... the <b>prevention</b> of mother-to-child <b>transmission</b>, and <b>HIV</b> treatment side <b>effects</b>. ... <b>AIDS</b> Clinical Trials; <b>HIV Prevention</b> . ... <b>Transmission</b>; <b>HIV</b> ..."
38775014,90,"'transmission, prevention, and consequences of HIV infection","2017-07-05 16:58:21.0","2017-07-05 16:58:43.0",2,https://www.cdc.gov/hiv/basics/prevention.html,"<b>Prevention</b> | <b>HIV</b> Basics | <b>HIV</b>/<b>AIDS</b> | CDC","About <b>HIV</b>/<b>AIDS</b>; <b>Transmission</b>; <b>Prevention</b>; Testing; ... have long-term health <b>consequences</b>. ... thing you can do is to take medicines to treat <b>HIV infection</b> ..."
38775014,90,"'transmission, prevention, and consequences of HIV infection","2017-07-05 16:58:21.0","2017-07-05 16:58:45.0",3,https://en.wikipedia.org/wiki/Prevention_of_HIV/AIDS,"<b>Prevention</b> <b>of HIV</b>/<b>AIDS</b> - <b>Wikipedia</b>","<b>HIV prevention</b> might refer to practices done to prevent the spread <b>of HIV</b>/<b>AIDS</b>. <b>HIV prevention</b> practices may ... <b>HIV transmission</b> by ... preventive <b>effects</b>. ..."
38775014,90,"'transmission, prevention, and consequences of HIV infection","2017-07-05 16:58:21.0","2017-07-05 16:58:47.0",4,http://www.aidsmap.com/Transmission-and-prevention/cat/1377/,"<b>HIV</b> &amp; <b>AIDS</b> Information :: Topics - <b>Transmission and prevention</b>","<b>Transmission and prevention</b> news from aidsmap . Young women in Zimbabwe in sexual relationships with older men have an especially high risk of <b>infection</b> with <b>HIV</b>"
38775014,90,"'transmission, prevention, and consequences of HIV infection","2017-07-05 16:58:21.0","2017-07-05 16:58:48.0",5,https://www.avert.org/hiv-transmission-prevention,"<b>HIV</b> <b>transmission &amp; prevention</b> | <b>AVERT</b>","Educate yourself about <b>HIV transmission</b> so you know how <b>HIV</b> can be passed ... Global information and education on <b>HIV</b> and <b>AIDS</b>. Enter your ... <b>Transmission &amp; prevention</b>."
38775014,90,"'transmission, prevention, and consequences of HIV infection","2017-07-05 16:58:21.0","2017-07-05 16:58:52.0",6,http://www.sciencedirect.com/science/article/pii/B9780123756787001139,"<b>HIV</b>/<b>AIDS: Transmission, Treatment, and Prevention</b> ...","<b>HIV</b>/<b>AIDS: Transmission, Treatment, and Prevention</b>, ... three themes <b>of HIV transmission</b>, <b>prevention</b>, and <b>AIDS</b> ... <b>consequences</b> of the <b>HIV</b>/<b>AIDS</b> epidemic is the ..."
38775014,90,"'transmission, prevention, and consequences of HIV infection","2017-07-05 16:58:21.0","2017-07-05 16:59:06.0",13,https://www.niaid.nih.gov/diseases-conditions/hivaids,"<b>HIV/AIDS</b> | NIH: National Institute of Allergy and ...","Yet the rate <b>of HIV transmission</b> remains ... To learn about risk factors for <b>HIV/AIDS</b> and current <b>prevention</b> and treatment strategies visit the Centers for ..."
38775014,90,"'transmission, prevention, and consequences of HIV infection","2017-07-05 16:58:21.0","2017-07-05 17:04:04.0",1,https://aidsinfo.nih.gov/understanding-hiv-aids/fact-sheets/20/48/the-basics-of-hiv-prevention,"The Basics <b>of HIV Prevention</b> | Understanding <b>HIV</b>/<b>AIDS</b> ...","... the <b>prevention</b> of mother-to-child <b>transmission</b>, and <b>HIV</b> treatment side <b>effects</b>. ... <b>AIDS</b> Clinical Trials; <b>HIV Prevention</b> . ... <b>Transmission</b>; <b>HIV</b> ..."
42861604,97," transmission, prevention, and consequences of HIV infection","2017-07-05 16:58:49.0"
42861604,97," transmission, prevention, and consequences of HIV infection","2017-07-05 16:58:49.0","2017-07-05 17:00:10.0",23,http://www.who.int/bulletin/archives/79(12)1138.pdf,"<b>HIV</b>/<b>AIDS</b> <b>Prevention</b> of mother-to-child <b>transmission</b> <b>of HIV</b> ...","... challenges for the current decade ... from the <b>effects of HIV infection</b>. ... the <b>prevention</b> of vertical <b>transmission of HIV</b> in a"
42152204,295,"transmission, prevention, and consequences of HIV infection","2017-07-17 14:04:00.0"
42152204,295,"transmission, prevention, and consequences of HIV infection","2017-07-17 14:04:00.0","2017-07-17 14:04:19.0",1,https://aidsinfo.nih.gov/understanding-hiv-aids/fact-sheets/20/48/the-basics-of-hiv-prevention,"The Basics <b>of HIV Prevention</b> | Understanding <b>HIV</b>/<b>AIDS</b> ...","... the <b>prevention</b> of mother-to-child <b>transmission</b>, and <b>HIV</b> treatment side <b>effects</b>. ... <b>AIDS</b> Clinical Trials; <b>HIV Prevention</b> . ... <b>Transmission</b>; <b>HIV</b> ..."
42152204,295,"transmission, prevention, and consequences of HIV infection","2017-07-17 14:04:00.0","2017-07-17 14:05:17.0",2,https://www.cdc.gov/hiv/basics/prevention.html,"<b>Prevention</b> | <b>HIV</b> Basics | <b>HIV</b>/<b>AIDS</b> | CDC","About <b>HIV</b>/<b>AIDS</b>; <b>Transmission</b>; <b>Prevention</b>; Testing; ... have long-term health <b>consequences</b>. ... thing you can do is to take medicines to treat <b>HIV infection</b> ..."
42152204,295,"transmission, prevention, and consequences of HIV infection","2017-07-17 14:04:00.0","2017-07-17 14:05:45.0",3,https://en.wikipedia.org/wiki/Prevention_of_HIV/AIDS,"<b>Prevention</b> <b>of HIV</b>/<b>AIDS</b> - <b>Wikipedia</b>","<b>HIV prevention</b> might refer to practices done to prevent the spread <b>of HIV</b>/<b>AIDS</b>. <b>HIV prevention</b> practices may ... <b>HIV transmission</b> by ... preventive <b>effects</b>. ..."
42152204,297,"transmission, prevention, and consequences of HIV infection","2017-07-17 14:07:33.0"
42152204,302,"transmission, prevention, and consequences of HIV infection","2017-07-17 14:13:06.0"
41571219,31,"Women are always tested for HIV during their pap smears. ","2017-06-29 15:59:21.0"
41571219,32,"A person can get HIV from a woman's vaginal secretions (wetness from her vagina).","2017-06-29 16:00:03.0"
41571219,33,"Women are always tested for HIV during their pap smears. ","2017-06-29 16:00:04.0"
41571219,34,"A person can get HIV from a woman's vaginal secretions (wetness from her vagina).","2017-06-29 16:00:12.0"
41571219,240,"pap smear","2017-07-17 12:53:25.0"
41571219,243,"transmission, prevention, and consequences of HIV infection","2017-07-17 12:54:18.0"
41571219,243,"transmission, prevention, and consequences of HIV infection","2017-07-17 12:54:18.0","2017-07-17 12:54:29.0",1,https://aidsinfo.nih.gov/understanding-hiv-aids/fact-sheets/20/48/the-basics-of-hiv-prevention,"The Basics <b>of HIV Prevention</b> | Understanding <b>HIV</b>/<b>AIDS</b> ...","... the <b>prevention</b> of mother-to-child <b>transmission</b>, and <b>HIV</b> treatment side <b>effects</b>. ... <b>AIDS</b> Clinical Trials; <b>HIV Prevention</b> . ... <b>Transmission</b>; <b>HIV</b> ..."
43611795,92,"VIH","2017-07-05 16:58:32.0"
43611795,96,"VIH SIDA QUE ES","2017-07-05 16:58:48.0"
43611795,96,"VIH SIDA QUE ES","2017-07-05 16:58:48.0","2017-07-05 16:58:50.0",1,https://es.wikipedia.org/wiki/Sida,"<b>VIH</b>/<b>sida</b> - Wikipedia, la enciclopedia libre","<b>VIH</b>/<b>sida</b>; El lazo rojo <b>es</b> un símbolo de solidaridad hacia las personas <b>VIH</b> positivo y aquellos <b>que</b> viven con <b>sida</b>. [1] Clasificación y recursos externos"
43611795,96,"VIH SIDA QUE ES","2017-07-05 16:58:48.0","2017-07-05 17:01:35.0",2,https://medlineplus.gov/spanish/hivaids.html,"<b>VIH</b>/<b>SIDA</b>: MedlinePlus en español","<b>SIDA es</b> el estadio más avanzado de esta infección. Prevención, tratamiento. El <b>VIH es</b> un virus <b>que</b> daña las células del sistema inmunitario del cuerpo."
36181479,280,"спид заразится","2017-07-17 13:22:23.0"
36181479,280,"спид заразится","2017-07-17 13:22:23.0","2017-07-17 13:22:44.0",5,http://www.u-hiv.ru/hiv-obzor.htm,"<b>СПИД</b> - u-hiv.ru","<b>СПИД</b> - это сокращенное название синдрома приобретенного иммунодефицита. Синдром ..."
38301154,89,"transmission, prevention, and consequences of HIV infection","2017-07-05 16:58:17.0"
38301154,89,"transmission, prevention, and consequences of HIV infection","2017-07-05 16:58:17.0","2017-07-05 16:58:23.0",1,https://aidsinfo.nih.gov/understanding-hiv-aids/fact-sheets/20/48/the-basics-of-hiv-prevention,"The Basics <b>of HIV Prevention</b> | Understanding <b>HIV</b>/<b>AIDS</b> ...","... the <b>prevention</b> of mother-to-child <b>transmission</b>, and <b>HIV</b> treatment side <b>effects</b>. ... <b>AIDS</b> Clinical Trials; <b>HIV Prevention</b> . ... <b>Transmission</b>; <b>HIV</b> ..."
38301154,89,"transmission, prevention, and consequences of HIV infection","2017-07-05 16:58:17.0","2017-07-05 16:58:29.0",6,http://www.sciencedirect.com/science/article/pii/B9780123756787001139,"<b>HIV</b>/<b>AIDS: Transmission, Treatment, and Prevention</b> ...","<b>HIV</b>/<b>AIDS: Transmission, Treatment, and Prevention</b>, ... three themes <b>of HIV transmission</b>, <b>prevention</b>, and <b>AIDS</b> ... <b>consequences</b> of the <b>HIV</b>/<b>AIDS</b> epidemic is the ..."
38301154,89,"transmission, prevention, and consequences of HIV infection","2017-07-05 16:58:17.0","2017-07-05 16:58:56.0",1,https://aidsinfo.nih.gov/understanding-hiv-aids/fact-sheets/20/48/the-basics-of-hiv-prevention,"The Basics <b>of HIV Prevention</b> | Understanding <b>HIV</b>/<b>AIDS</b> ...","... the <b>prevention</b> of mother-to-child <b>transmission</b>, and <b>HIV</b> treatment side <b>effects</b>. ... <b>AIDS</b> Clinical Trials; <b>HIV Prevention</b> . ... <b>Transmission</b>; <b>HIV</b> ..."
42080959,136,"вич ","2017-07-05 17:27:40.0"
42080959,136,"вич ","2017-07-05 17:27:40.0","2017-07-05 17:27:42.0",1,https://en.wikipedia.org/wiki/HIV,"<b>HIV</b> - <b>Wikipedia</b>","HIV is a member of the genus Lentivirus, part of the family Retroviridae. Lentiviruses have many morphologies and biological properties in common. Many ..."
42080959,138,"есть ли лекарства от спида ","2017-07-05 17:28:30.0"
42080959,140,"как передается вич","2017-07-05 17:29:08.0"
42080959,140,"как передается вич","2017-07-05 17:29:08.0","2017-07-05 17:29:10.0",1,http://o-spide.ru/about/healthy/detail.php?ID=139,"<b>Как передается ВИЧ</b>? - o-spide.ru","<b>Как</b> НЕ <b>передается ВИЧ</b>? <b>Как</b> и где можно пройти тестирование на <b>ВИЧ</b>? Профилактика ..."
42080959,142,"вич и спид одно и тоже","2017-07-05 17:30:13.0"
42080959,142,"вич и спид одно и тоже","2017-07-05 17:30:13.0","2017-07-05 17:30:14.0",1,https://xn--b1am9b.xn--p1ai/vich_spid_otlichiya.html,"Отличия <b>ВИЧ</b> от <b>СПИД</b> — <b>ВИЧ</b>.РФ","В чем отличия <b>ВИЧ и СПИД</b>? ... <b>ВИЧ СПИД</b> - это <b>одно и тоже</b>. ... привести к <b>СПИД</b>. <b>ВИЧ и СПИД</b> - не <b>одно</b> ..."
42080959,145,"существуют ли лекарства от спидла","2017-07-05 17:30:39.0"
42080959,145,"существуют ли лекарства от спидла","2017-07-05 17:30:39.0","2017-07-05 17:30:41.0",1,http://fb.ru/article/32936/suschestvuet-li-effektivnoe-lekarstvo-ot-vich,"Существует <b>ли</b> эффективное лекарство <b>от</b> ВИЧ?","Многие ученые сейчас мечтают найти эффективное лекарство <b>от</b> ... <b>лекарства</b> ... <b>ли</b> вакцина <b>от</b> ..."
34914198,304,"el sida","2017-07-17 14:20:01.0"
34914198,304,"el sida","2017-07-17 14:20:01.0","2017-07-17 14:20:17.0",1,https://es.wikipedia.org/wiki/Sida,"VIH/<b>sida</b> - Wikipedia, la enciclopedia libre","VIH/<b>sida</b>; <b>El</b> lazo rojo es un símbolo de solidaridad hacia las personas VIH positivo y aquellos que viven con <b>sida</b>. [1] Clasificación y recursos externos"
34914198,304,"el sida","2017-07-17 14:20:01.0","2017-07-17 14:20:23.0",5,http://kidshealth.org/es/teens/aids-esp.html,"¿Cómo contrae alguien <b>el SIDA</b>? - <b>kidshealth.org</b>","Sobre <b>SIDA</b>. <b>SIDA</b> es la abreviatura de síndrome de inmunodeficiencia adquirida, una enfermedad que dificulta que <b>el</b> sistema inmunitario del organismo luche contra ..."
34914198,304,"el sida","2017-07-17 14:20:01.0","2017-07-17 14:20:26.0",2,http://www.aciprensa.com/sida/index.html,"Todo sobre <b>el SIDA</b>","<b>El SIDA</b> no es consecuencia de un trastorno hereditario, sino resultado de la exposición a una infección por <b>el</b> VIH, que facilita <b>el</b> desarrollo de nuevas ..."
34914198,305,"el sida","2017-07-17 14:20:10.0"
31514096,227,"oral sex aids","2017-07-17 12:49:17.0"
31514096,227,"oral sex aids","2017-07-17 12:49:17.0","2017-07-17 12:49:24.0",4,http://www.aids.org/2010/09/hiv-from-oral-sex/,"Can <b>I get HIV from oral sex? | AIDS</b> Information, Education ...","There is considerable debate within the HIV/<b>AIDS</b> prevention community regarding the risk of transmission of HIV through <b>oral sex</b>. What is currently known is that ..."
39474673,62,"transmission, prevention, and consequences of HIV infection","2017-07-05 16:54:12.0"
39474673,62,"transmission, prevention, and consequences of HIV infection","2017-07-05 16:54:12.0","2017-07-05 16:54:21.0",2,https://www.cdc.gov/hiv/basics/prevention.html,"<b>Prevention</b> | <b>HIV</b> Basics | <b>HIV</b>/<b>AIDS</b> | CDC","About <b>HIV</b>/<b>AIDS</b>; <b>Transmission</b>; <b>Prevention</b>; Testing; ... have long-term health <b>consequences</b>. ... thing you can do is to take medicines to treat <b>HIV infection</b> ..."
39474673,62,"transmission, prevention, and consequences of HIV infection","2017-07-05 16:54:12.0","2017-07-05 16:54:24.0",3,https://en.wikipedia.org/wiki/Prevention_of_HIV/AIDS,"<b>Prevention</b> <b>of HIV</b>/<b>AIDS</b> - <b>Wikipedia</b>","Consistent condom use reduces the risk of heterosexual <b>HIV transmission</b> by about 80% ... rates of adverse <b>effects</b> ... consider <b>prevention of HIV infection</b> as a ..."
39474673,62,"transmission, prevention, and consequences of HIV infection","2017-07-05 16:54:12.0","2017-07-05 16:54:41.0",1,https://aidsinfo.nih.gov/understanding-hiv-aids/fact-sheets/20/48/the-basics-of-hiv-prevention,"The Basics <b>of HIV Prevention</b> | Understanding <b>HIV</b>/<b>AIDS</b> ...","... the <b>prevention</b> of mother-to-child <b>transmission</b>, and <b>HIV</b> treatment side <b>effects</b>. ... <b>AIDS</b> Clinical Trials; <b>HIV Prevention</b> . ... <b>Transmission</b>; <b>HIV</b> ..."
39474673,62,"transmission, prevention, and consequences of HIV infection","2017-07-05 16:54:12.0","2017-07-05 16:54:42.0",2,https://www.cdc.gov/hiv/basics/prevention.html,"<b>Prevention</b> | <b>HIV</b> Basics | <b>HIV</b>/<b>AIDS</b> | CDC","About <b>HIV</b>/<b>AIDS</b>; <b>Transmission</b>; <b>Prevention</b>; Testing; ... have long-term health <b>consequences</b>. ... thing you can do is to take medicines to treat <b>HIV infection</b> ..."
40102852,189," HIV ","2017-07-17 12:16:16.0"
40102852,189," HIV ","2017-07-17 12:16:16.0","2017-07-17 12:16:25.0",1,https://en.wikipedia.org/wiki/HIV,"<b>HIV</b> - Wikipedia","The <b>human</b> immunodeficiency virus (<b>HIV</b>) is a lentivirus (a subgroup of retrovirus) that causes <b>HIV</b> infection and over time acquired immunodeficiency syndrome (AIDS)."
40102852,189," HIV ","2017-07-17 12:16:16.0","2017-07-17 12:18:02.0",2,http://www.mayoclinic.org/diseases-conditions/hiv-aids/basics/symptoms/CON-20013732,"<b>HIV</b>/AIDS Symptoms - <b>Mayo Clinic</b>","<b>HIV</b>/AIDS — Comprehensive overview covers symptoms, treatment and prevention of this deadly infection."
40938867,42,"HIV","2017-07-04 18:21:12.0"
40938867,42,"HIV","2017-07-04 18:21:12.0","2017-07-04 18:22:19.0",1,https://en.wikipedia.org/wiki/HIV,"<b>HIV</b> - Wikipedia","The <b>human immunodeficiency virus</b> (<b>HIV</b>) is a lentivirus (a subgroup of retrovirus) that causes <b>HIV</b> infection and over time acquired immunodeficiency ..."
40206149,191,"передачи, профилактики и последствия ВИЧ - инфекции","2017-07-17 12:17:43.0"
40206149,191,"передачи, профилактики и последствия ВИЧ - инфекции","2017-07-17 12:17:43.0","2017-07-17 12:17:47.0",1,http://dezrb.by/upload/iblock/4c6/4c6dc7e93eaa215e128d844cc79c99f7.pdf,"Профилактика <b>передачи</b> парентеральных гепатитов <b>и</b> <b>ВИЧ</b> ...","<b>ПЕРЕДАЧИ ВИЧ</b> ... Факторы <b>передачи</b> гепатитов <b>и ВИЧ</b>-<b>инфекции</b> ... В целях <b>профилактики</b> ..."
40206149,191,"передачи, профилактики и последствия ВИЧ - инфекции","2017-07-17 12:17:43.0","2017-07-17 12:18:39.0",3,http://simptomlecheniye.ru/socialno-znachimye-infekcionnye-bolezni.html,"Инфекционные болезни: гепатит, <b>ВИЧ</b>, симптомы <b>и</b> <b>последствия</b>","... <b>ВИЧ</b>. Симптомы <b>и</b> ... Чтобы определить пути <b>передачи инфекции</b> от ... меры <b>профилактики и</b> ..."
43099872,76,"vih","2017-07-05 16:56:29.0"
43099872,76,"vih","2017-07-05 16:56:29.0","2017-07-05 16:56:32.0",1,https://es.wikipedia.org/wiki/Virus_de_la_inmunodeficiencia_humana,"Virus de la inmunodeficiencia humana - Wikipedia, la ...","El virus de la inmunodeficiencia humana (<b>VIH</b>) es un lentivirus (un subgrupo de los retrovirus) que causa la infección por <b>VIH</b> [1] y con el tiempo el síndrome de ..."
43099872,98,"sida","2017-07-05 16:58:58.0"
43674216,148,"sidas","2017-07-05 17:31:37.0"
43674216,149,"sida","2017-07-05 17:31:43.0"
43674216,149,"sida","2017-07-05 17:31:43.0","2017-07-05 17:31:46.0",1,https://es.wikipedia.org/wiki/Sida,"VIH/<b>sida</b> - Wikipedia, la enciclopedia libre","VIH/<b>sida</b>; El lazo rojo es un símbolo de solidaridad hacia las personas VIH positivo y aquellos que viven con <b>sida</b>. [1] Clasificación y recursos externos"
43629409,141,"HIV","2017-07-05 17:29:12.0"
43629409,141,"HIV","2017-07-05 17:29:12.0","2017-07-05 17:29:18.0",2,http://www.mayoclinic.org/diseases-conditions/hiv-aids/basics/symptoms/CON-20013732,"<b>HIV</b>/AIDS Symptoms - <b>Mayo Clinic</b>","<b>HIV</b>/AIDS — Comprehensive overview covers symptoms, treatment and prevention of this deadly infection."
43629409,141,"HIV","2017-07-05 17:29:12.0","2017-07-05 17:33:24.0",5,http://www.medicalnewstoday.com/articles/17131.php,"<b>HIV</b> and <b>AIDS: Causes, symptoms, and treatments</b> - Medical ...","AIDS (acquired immunodeficiency syndrome) is a syndrome caused by a virus called <b>HIV</b> (<b>human immunodeficiency virus</b>). The disease alters the immune system, making ..."
36123103,43,"ransmisión, prevención, y las consecuencias de la infección por VIH","2017-07-04 18:30:51.0"
36123103,44,"ransmisión, prevención, y las consecuencias de la infección por VIH","2017-07-04 18:30:51.0"
42083792,130,"transmisión, prevención, y las consecuencias de la infección por VIH","2017-07-05 17:25:31.0"
42083792,130,"transmisión, prevención, y las consecuencias de la infección por VIH","2017-07-05 17:25:31.0","2017-07-05 17:25:44.0",3,http://apps.who.int/iris/bitstream/10665/79187/1/9789275316931_spa.pdf,"<b>PREVENCIÓN</b> <b>Y</b> TRATAMIENTO <b>DE</b> <b>LA</b> <b>INFECCIÓN</b> <b>POR</b> EL <b>VIH</b> - WHO","<b>PREVENCIÓN Y</b> TRATAMIENTO <b>DE LA INFECCIÓN POR</b> EL <b>VIH</b> ... <b>Las</b> publicaciones <b>de la</b> Organización Panamericana <b>de la</b> Salud están ... <b>Prevención de la transmisión</b> ..."
42083792,139,"transmisión, prevención, y las consecuencias de la infección por VIH","2017-07-05 17:28:37.0"
42083792,139,"transmisión, prevención, y las consecuencias de la infección por VIH","2017-07-05 17:28:37.0","2017-07-05 17:28:55.0",10,https://armandoblog2.wordpress.com/consecuencias-y-prevencion-del-vih/,"<b>Consecuencias</b> <b>y</b> <b>prevencion</b> del <b>VIH</b> « Sida","<b>Consecuencias y prevencion</b> del <b>VIH</b> ... <b>La</b> única causa <b>de la transmisión</b> es el intercambio <b>de</b> fluidos corporales, en particular <b>la</b> sangre <b>y las</b> secreciones genitales."
42083792,146,"VIH y el SIDA son la misma cosa.","2017-07-05 17:30:59.0"
42083792,147,"SIDA es la causa del VIH","2017-07-05 17:31:27.0"
42083792,150,"VIH es matado por lejía.","2017-07-05 17:31:47.0"
42083792,151,"Es posible contraer el VIH cuando una persona obtiene un tatuaje.","2017-07-05 17:32:08.0"
35743341,225,"transmission, prevention, and consequences of HIV infection","2017-07-17 12:47:01.0"
35743341,225,"transmission, prevention, and consequences of HIV infection","2017-07-17 12:47:01.0","2017-07-17 12:47:05.0",1,https://aidsinfo.nih.gov/understanding-hiv-aids/fact-sheets/20/48/the-basics-of-hiv-prevention,"The Basics <b>of HIV Prevention</b> | Understanding <b>HIV</b>/<b>AIDS</b> ...","... the <b>prevention</b> of mother-to-child <b>transmission</b>, and <b>HIV</b> treatment side <b>effects</b>. ... <b>AIDS</b> Clinical Trials; <b>HIV Prevention</b> . ... <b>Transmission</b>; <b>HIV</b> ..."
35743341,225,"transmission, prevention, and consequences of HIV infection","2017-07-17 12:47:01.0","2017-07-17 12:55:42.0",2,https://www.cdc.gov/hiv/basics/prevention.html,"<b>Prevention</b> | <b>HIV</b> Basics | <b>HIV</b>/<b>AIDS</b> | CDC","About <b>HIV</b>/<b>AIDS</b>; <b>Transmission</b>; <b>Prevention</b>; Testing; ... have long-term health <b>consequences</b>. ... thing you can do is to take medicines to treat <b>HIV infection</b> ..."
42417397,200,"Oral sex causes hiv or not","2017-07-17 12:24:08.0"
42417397,200,"Oral sex causes hiv or not","2017-07-17 12:24:08.0","2017-07-17 12:25:05.0",10,https://en.wikipedia.org/wiki/Misconceptions_about_HIV_and_AIDS,"<b>Misconceptions about HIV</b>/AIDS - <b>Wikipedia</b>","<b>Misconceptions about HIV</b> and AIDS arise from several different sources, ... Contracting <b>HIV</b> through <b>oral sex</b> is <b>not</b> impossible, ... <b>not HIV</b>, <b>cause</b> AIDS ..."
42417397,200,"Oral sex causes hiv or not","2017-07-17 12:24:08.0","2017-07-17 12:26:48.0",10,https://en.wikipedia.org/wiki/Misconceptions_about_HIV_and_AIDS,"<b>Misconceptions about HIV</b>/AIDS - <b>Wikipedia</b>","<b>Misconceptions about HIV</b> and AIDS arise from several different sources, ... Contracting <b>HIV</b> through <b>oral sex</b> is <b>not</b> impossible, ... <b>not HIV</b>, <b>cause</b> AIDS ..."
41676176,58,"transmisión, prevención, y las consecuencias de la infección por VIH' . ","2017-07-05 16:53:49.0"
41676176,58,"transmisión, prevención, y las consecuencias de la infección por VIH' . ","2017-07-05 16:53:49.0","2017-07-05 16:54:43.0",1,https://www.cdc.gov/hiv/spanish/basics/prevention.html,"<b>Prevención</b> del <b>VIH</b> | Información básica | <b>VIH</b>/SIDA | CDC","Acerca del <b>VIH</b>/SIDA; <b>Transmisión</b> del <b>VIH</b>; <b>Prevención</b>; ... riesgo <b>de</b> contraer el <b>VIH</b> para <b>las</b> mujeres <b>y la</b> ... sustancial <b>de infección por</b> el <b>VIH y</b> no ..."
41676176,58,"transmisión, prevención, y las consecuencias de la infección por VIH' . ","2017-07-05 16:53:49.0","2017-07-05 16:56:09.0",3,https://www.cdc.gov/std/spanish/embarazo/stdfact-pregnancy-s.htm,"<b>Las</b> enfermedades <b>de</b> <b>transmisión</b> sexual (ETS) <b>y</b> el embarazo","<b>Las consecuencias de</b> una ETS para usted <b>y</b> ... se sabe que <b>la infección por</b> una enfermedad <b>de</b> ... División para <b>la Prevención de</b> Enfermedades <b>de Transmisión</b> ..."
42160208,112,"https://cdn2.iconfinder.com/data/icons/ios-7-icons/50/down3-512.png","2017-07-05 17:03:52.0"
42160208,117,"Вирус иммунодефицита человека","2017-07-05 17:06:17.0"
42160208,117,"Вирус иммунодефицита человека","2017-07-05 17:06:17.0","2017-07-05 17:06:18.0",1,https://ru.wikipedia.org/wiki/%D0%92%D0%98%D0%A7,"<b>Вирус иммунодефицита человека</b> — Википедия","<b>Вирус иммунодефицита человека</b> независимо открыли в 1983 ..."
42160208,117,"Вирус иммунодефицита человека","2017-07-05 17:06:17.0","2017-07-05 17:07:22.0",7,https://myvenerolog.ru/hiv/,"<b>Вирус иммунодефицита человека</b> (ВИЧ): характеристика ...","Что такое <b>вирус иммунодефицита человека</b> (ВИЧ)? Классификация ВИЧ и стадии развития ..."
42160208,117,"Вирус иммунодефицита человека","2017-07-05 17:06:17.0","2017-07-05 17:07:24.0",11,http://www.youtube.com/watch?v=JnILuTAYilc,"<b>ВИРУС ИММУНОДЕФИЦИТА ЧЕЛОВЕКА</b>!! - YouTube","<b>Вирус иммунодефицита человека</b>. ... #<b>вирус</b> #вич #спид #заболевание #человек #эволюция # ..."
42160208,117,"Вирус иммунодефицита человека","2017-07-05 17:06:17.0","2017-07-05 17:08:38.0",11,http://www.youtube.com/watch?v=JnILuTAYilc,"<b>ВИРУС ИММУНОДЕФИЦИТА ЧЕЛОВЕКА</b>!! - YouTube","<b>Вирус иммунодефицита человека</b>. ... #<b>вирус</b> #вич #спид #заболевание #человек #эволюция # ..."
42160208,117,"Вирус иммунодефицита человека","2017-07-05 17:06:17.0","2017-07-05 17:09:38.0",19,http://med-ridder-03.moy.su/publ/2-1-0-4,"<b>Вирус иммунодефицита человека</b> - Советы не медикам ...","ВИЧ - <b>вирус иммунодефицита человека</b>. Относится к лентивирусам , подгруппе ретровирусов ."
42160208,124,"Вирус иммунодефицита человека","2017-07-05 17:13:02.0"
42160208,127,"Вирус иммунодефицита человека","2017-07-05 17:18:19.0"
42160208,127,"Вирус иммунодефицита человека","2017-07-05 17:18:19.0","2017-07-05 17:18:20.0",1,https://ru.wikipedia.org/wiki/%D0%92%D0%98%D0%A7,"<b>Вирус иммунодефицита человека</b> — Википедия","<b>Вирус иммунодефицита человека</b> независимо открыли в 1983 ..."
42160208,129,"ВИЧ-инфекции","2017-07-05 17:24:55.0"
42160208,129,"ВИЧ-инфекции","2017-07-05 17:24:55.0","2017-07-05 17:27:08.0",4,http://www.pitermed.com/simptomy-bolezni/?cat=21&word=51476,"ВИЧ-инфекция, лечение, причины, симптомы, профилактика.","Диагноз <b>ВИЧ-инфекции</b> на данной стадии ставится на основании эпидемиологических данных и ..."
43055814,306,"transmission, prevention, and consequences of HIV infection","2017-07-17 14:26:03.0"
43055814,306,"transmission, prevention, and consequences of HIV infection","2017-07-17 14:26:03.0","2017-07-17 14:26:08.0",1,https://aidsinfo.nih.gov/understanding-hiv-aids/fact-sheets/20/48/the-basics-of-hiv-prevention,"The Basics <b>of HIV Prevention</b> | Understanding <b>HIV</b>/<b>AIDS</b> ...","... the <b>prevention</b> of mother-to-child <b>transmission</b>, and <b>HIV</b> treatment side <b>effects</b>. ... <b>AIDS</b> Clinical Trials; <b>HIV Prevention</b> . ... <b>Transmission</b>; <b>HIV</b> ..."
43055814,307,"is hiv the same as aids","2017-07-17 14:34:05.0"
43055814,307,"is hiv the same as aids","2017-07-17 14:34:05.0","2017-07-17 14:34:06.0",1,https://www.verywell.com/examining-whether-hiv-and-aids-are-the-same-thing-48007,"Examining Whether <b>HIV and AIDS</b> are <b>the Same</b> - Verywell","Are <b>HIV and AIDS the Same</b> Thing? Definition and Difference Between <b>HIV and AIDs</b>."
43297941,291,"hiv aids","2017-07-17 13:59:21.0"
43297941,292,"hiv aids","2017-07-17 13:59:21.0"
43297941,293,"hiv aids wikipedia","2017-07-17 13:59:28.0"
43297941,293,"hiv aids wikipedia","2017-07-17 13:59:28.0","2017-07-17 13:59:29.0",1,https://en.wikipedia.org/wiki/AIDS,"<b>HIV/AIDS - Wikipedia</b>","<b>HIV/AIDS</b>; Synonyms: <b>HIV</b> disease, <b>HIV</b> infection: The red ribbon is a symbol for solidarity with <b>HIV</b>-positive people and those living with <b>AIDS</b>. Specialty"
43297941,293,"hiv aids wikipedia","2017-07-17 13:59:28.0","2017-07-17 13:59:46.0",1,https://en.wikipedia.org/wiki/AIDS,"<b>HIV/AIDS - Wikipedia</b>","<b>HIV/AIDS</b>; Synonyms: <b>HIV</b> disease, <b>HIV</b> infection: The red ribbon is a symbol for solidarity with <b>HIV</b>-positive people and those living with <b>AIDS</b>. Specialty"
43297941,293,"hiv aids wikipedia","2017-07-17 13:59:28.0","2017-07-17 14:01:55.0",6,https://en.wikipedia.org/wiki/AIDS_epidemic,"<b>Epidemiology of HIV/AIDS - Wikipedia</b>","<b>HIV/AIDS</b> is a global pandemic. As of 2014, approximately 36.9 million people are living with <b>HIV</b> globally. In 2012, approximately 17.2 million are men, 16.8 million ..."
43297941,296,"hiv aids wikipedia","2017-07-17 14:05:14.0"
43297941,296,"hiv aids wikipedia","2017-07-17 14:05:14.0","2017-07-17 14:05:17.0",3,https://en.wikipedia.org/wiki/AIDS_origin,"History of <b>HIV/AIDS - Wikipedia</b>","<b>AIDS</b> is caused by a human immunodeficiency virus (<b>HIV</b>), which was originated in non-human primates in Central and West Africa. While various sub-groups of the virus ..."
35253746,41,"vih","2017-07-04 18:21:03.0"
35253746,41,"vih","2017-07-04 18:21:03.0","2017-07-04 18:21:09.0",2,https://medlineplus.gov/spanish/hivaids.html,"<b>VIH</b>/SIDA: MedlinePlus en español","El <b>VIH</b> es un virus que daña las células del sistema inmunitario del cuerpo. SIDA es el estadio más avanzado de esta infección. Prevención, tratamiento."
35253746,41,"vih","2017-07-04 18:21:03.0","2017-07-04 18:22:47.0",1,https://es.wikipedia.org/wiki/Virus_de_la_inmunodeficiencia_humana,"Virus de la inmunodeficiencia humana - Wikipedia, la ...","El virus de la inmunodeficiencia humana (<b>VIH</b>) es un lentivirus (un subgrupo de los retrovirus) que causa la infección por <b>VIH</b> [1] y con el tiempo el síndrome de ..."
42643620,265,"transmission, prevention, and consequences of HIV infection","2017-07-17 13:12:41.0"
42643620,265,"transmission, prevention, and consequences of HIV infection","2017-07-17 13:12:41.0","2017-07-17 13:12:58.0",4,https://www.avert.org/hiv-transmission-prevention,"<b>HIV</b> <b>transmission &amp; prevention</b> | <b>AVERT</b>","Educate yourself about <b>HIV transmission</b> so you know how <b>HIV</b> can be passed from person to ... <b>Transmission &amp; prevention</b>. ... Myths about <b>HIV</b> and <b>AIDS</b>; <b>HIV</b> fact sheets ..."
42643620,265,"transmission, prevention, and consequences of HIV infection","2017-07-17 13:12:41.0","2017-07-17 13:17:00.0",7,https://www.soaaids.nl/en/STIs/most-common-stis/hiv/symptoms-and-consequences,"Symptoms <b>and consequences</b> <b>of HIV</b> and <b>AIDS</b> - <b>Soa Aids Nederland</b>","<b>Soa Aids Nederland</b> gebruikt cookies om het surfgedrag op de website te analyseren en zodoende verbeteringen aan te brengen ... Symptoms <b>and consequences of HIV</b> and <b>AIDS</b>."
35902657,48,"Передача, профилактика и последствия ВИЧ-инфекции","2017-07-04 19:57:40.0"
35902657,49,"Передача, профилактика и последствия ВИЧ-инфекции","2017-07-04 19:57:56.0"
35902657,49,"Передача, профилактика и последствия ВИЧ-инфекции","2017-07-04 19:57:56.0","2017-07-04 20:00:32.0",6,http://site-zdorovie.ru/bolezni/vich-infekciya-zarazhenie-spid-profilaktika-vich-i-lechenie.htm,"ВИЧ инфекция, заражение СПИД. <b>Профилактика</b> ВИЧ <b>и</b> лечение.","<b>Профилактика</b> ... Эффективная терапия <b>ВИЧ-инфекции и</b> ... за любые убытки <b>и последствия</b>, ..."
6715485,276,"hiv","2017-07-17 13:20:20.0"
6715485,277,"hiv ve aids hakında bilgi","2017-07-17 13:20:32.0"
6715485,277,"hiv ve aids hakında bilgi","2017-07-17 13:20:32.0","2017-07-17 13:20:37.0",1,http://aidsvehiv.blogspot.com/2009/06/bel-soguklugu-gonore.html,"Bel soğukluğu (Gonore)-<b>Aids</b> <b>ve</b> <b>Hiv</b> Hakkında Bilgiler","<b>Aids ve Hiv</b> Hakkında Bilgiler <b>AIDS</b> olan <b>HIV AIDS</b> etkilenenlere, ... <b>AIDS</b> de hepatit B <b>ve</b> hepatit C ile ilgili geniş <b>bilgi</b> içermektedir."
6715485,279,"aids hakında bilgi","2017-07-17 13:22:04.0"
6715485,281,"hıv hakında bilgi","2017-07-17 13:22:44.0"
6715485,281,"hıv hakında bilgi","2017-07-17 13:22:44.0","2017-07-17 13:22:48.0",2,http://www.diyadinnet.com/YararliBilgiler-935&Bilgi=hiv-vir%C3%BCs%C3%BC-nedir,"Hiv Virüsü Nedir nedir - 35 » HİV VİRÜSÜ NEDİR HAKKINDA ...","Hiv Virüsü Nedir AIDS bulaşıcı bir virüs hastalığıdır.Mikrobu HIV (hiv) adı verilen virüstür.HIV girdiği vucudun mikroplara karşı koyma..."
6715485,282,"aids için tedavi varmı","2017-07-17 13:28:18.0"
6715485,282,"aids için tedavi varmı","2017-07-17 13:28:18.0","2017-07-17 13:28:20.0",1,http://www.nuveforum.net/1753-saglik-rehberi/73303-aids-tedavisi-var/,"<b>Aids</b>&#39;in Tedavisi <b>Var mı</b> ? - Nüve Forum","Şu an <b>için AİDS</b>&#39;e karşı elde henüz ne bir <b>tedavi</b> ne de bir aşı var. Yıllardan ... <b>Tedavi</b> Pahalı <b>AİDS</b> tedavisinde denenen ve cüz&#39;i faydaya sahip olduğu ..."
38996433,252,"профилактика вич","2017-07-17 13:03:24.0"
38996433,253,"что такое вич","2017-07-17 13:03:38.0"
38996433,253,"что такое вич","2017-07-17 13:03:38.0","2017-07-17 13:03:40.0",1,https://ru.wikipedia.org/wiki/%D0%92%D0%B8%D1%80%D1%83%D1%81_%D0%B8%D0%BC%D0%BC%D1%83%D0%BD%D0%BE%D0%B4%D0%B5%D1%84%D0%B8%D1%86%D0%B8%D1%82%D0%B0_%D1%87%D0%B5%D0%BB%D0%BE%D0%B2%D0%B5%D0%BA%D0%B0,"Вирус иммунодефицита человека — Википедия","<b>Такое</b> название отражает одну из ... <b>что</b> начало эпидемии <b>ВИЧ</b>-инфекции в Киншасе совпало ..."
43023013,52,"transmission, prevention, and consequences of HIV infection","2017-07-05 16:50:52.0"
43023013,52,"transmission, prevention, and consequences of HIV infection","2017-07-05 16:50:52.0","2017-07-05 16:50:57.0",2,https://www.cdc.gov/hiv/basics/prevention.html,"<b>Prevention</b> | <b>HIV</b> Basics | <b>HIV</b>/<b>AIDS</b> | CDC","About <b>HIV</b>/<b>AIDS</b>; <b>Transmission</b>; <b>Prevention</b>; Testing; ... have long-term health <b>consequences</b>. ... thing you can do is to take medicines to treat <b>HIV infection</b> ..."
43023013,52,"transmission, prevention, and consequences of HIV infection","2017-07-05 16:50:52.0","2017-07-05 16:51:00.0",1,https://aidsinfo.nih.gov/understanding-hiv-aids/fact-sheets/20/48/the-basics-of-hiv-prevention,"The Basics <b>of HIV Prevention</b> | Understanding <b>HIV</b>/<b>AIDS</b> ...","... the <b>prevention</b> of mother-to-child <b>transmission</b>, and <b>HIV</b> treatment side <b>effects</b>. ... <b>AIDS</b> Clinical Trials; <b>HIV Prevention</b> . ... <b>Transmission</b>; <b>HIV</b> ..."
43697401,234,"transmission, prevention, and consequences of HIV infection","2017-07-17 12:52:03.0"
43697401,234,"transmission, prevention, and consequences of HIV infection","2017-07-17 12:52:03.0","2017-07-17 12:52:07.0",1,https://aidsinfo.nih.gov/understanding-hiv-aids/fact-sheets/20/48/the-basics-of-hiv-prevention,"The Basics <b>of HIV Prevention</b> | Understanding <b>HIV</b>/<b>AIDS</b> ...","... the <b>prevention</b> of mother-to-child <b>transmission</b>, and <b>HIV</b> treatment side <b>effects</b>. ... <b>AIDS</b> Clinical Trials; <b>HIV Prevention</b> . ... <b>Transmission</b>; <b>HIV</b> ..."
43697401,234,"transmission, prevention, and consequences of HIV infection","2017-07-17 12:52:03.0","2017-07-17 12:52:09.0",2,https://www.cdc.gov/hiv/basics/prevention.html,"<b>Prevention</b> | <b>HIV</b> Basics | <b>HIV</b>/<b>AIDS</b> | CDC","About <b>HIV</b>/<b>AIDS</b>; <b>Transmission</b>; <b>Prevention</b>; Testing; ... have long-term health <b>consequences</b>. ... thing you can do is to take medicines to treat <b>HIV infection</b> ..."
43697401,234,"transmission, prevention, and consequences of HIV infection","2017-07-17 12:52:03.0","2017-07-17 12:54:53.0",1,https://aidsinfo.nih.gov/understanding-hiv-aids/fact-sheets/20/48/the-basics-of-hiv-prevention,"The Basics <b>of HIV Prevention</b> | Understanding <b>HIV</b>/<b>AIDS</b> ...","... the <b>prevention</b> of mother-to-child <b>transmission</b>, and <b>HIV</b> treatment side <b>effects</b>. ... <b>AIDS</b> Clinical Trials; <b>HIV Prevention</b> . ... <b>Transmission</b>; <b>HIV</b> ..."
43697401,264,"transmission, prevention, and consequences of HIV infection","2017-07-17 13:11:09.0"
38202325,59,"are lambskin condoms good to protect against hivw","2017-07-05 16:53:58.0"
38202325,66,"can deep kissing transmit hiv","2017-07-05 16:54:36.0"
38202325,66,"can deep kissing transmit hiv","2017-07-05 16:54:36.0","2017-07-05 16:54:50.0",3,http://i-base.info/qa/3565,"<b>Can</b> I <b>get HIV from deep kissing</b>? | Q and A | <b>HIV</b> i-Base","<b>Can</b> I <b>get HIV from deep kissing</b>? 16 December 2010. Related: All topics, <b>HIV transmission</b>. Hi, Is it possible to catch <b>HIV from deep kissing</b> (biting lips, ..."
38202325,71,"can sweat transmit hiv","2017-07-05 16:55:16.0"
38202325,72,"are hiv and aids the same","2017-07-05 16:55:29.0"
38202325,73,"myths about hiv","2017-07-05 16:56:00.0"
38202325,73,"myths about hiv","2017-07-05 16:56:00.0","2017-07-05 16:56:09.0",1,http://www.webmd.com/hiv-aids/top-10-myths-misconceptions-about-hiv-aids,"<b>HIV and AIDS</b> <b>Myths</b>, Misconceptions, Rumors - <b>WebMD</b>","For the past three decades, <b>myths</b> and misconceptions <b>about HIV</b> have stuck around. Here are 10 common ones, along with the facts to set them straight."
38202325,73,"myths about hiv","2017-07-05 16:56:00.0","2017-07-05 16:56:13.0",2,https://www.avert.org/hiv-transmission-prevention/myths,"<b>Myths about HIV and AIDS</b> | <b>AVERT</b>","There are lots of <b>myths</b> about how you can get <b>HIV</b>. Here we discuss those <b>myths</b> to make sure you know the truth about how <b>HIV</b> is passed on. <b>HIV</b> is passed on from ..."
38202325,75,"myths about aids","2017-07-05 16:56:28.0"
38202325,75,"myths about aids","2017-07-05 16:56:28.0","2017-07-05 16:56:39.0",4,https://www.verywell.com/top-hiv-and-aids-myths-49612,"10 Most Common <b>Myths</b> and <b>Misconceptions About HIV</b>","There are many commonly held <b>myths</b> and <b>misconceptions about HIV</b> which are putting people at increased risk of infection, illness and even death."
38202325,80,"can hiv be contracted from donating blood","2017-07-05 16:57:12.0"
38202325,93,"is there a vaccination against hiv","2017-07-05 16:58:33.0"
30233157,218,"transmission, prevention, and consequences of HIV infection","2017-07-17 12:43:31.0"
30233157,218,"transmission, prevention, and consequences of HIV infection","2017-07-17 12:43:31.0","2017-07-17 12:45:18.0",1,https://aidsinfo.nih.gov/understanding-hiv-aids/fact-sheets/20/48/the-basics-of-hiv-prevention,"The Basics <b>of HIV Prevention</b> | Understanding <b>HIV</b>/<b>AIDS</b> ...","... the <b>prevention</b> of mother-to-child <b>transmission</b>, and <b>HIV</b> treatment side <b>effects</b>. ... <b>AIDS</b> Clinical Trials; <b>HIV Prevention</b> . ... <b>Transmission</b>; <b>HIV</b> ..."
30233157,219,"transmission, prevention, and consequences of HIV infection","2017-07-17 12:43:47.0"
41962218,190,"hiv and aids difference","2017-07-17 12:16:40.0"
41962218,190,"hiv and aids difference","2017-07-17 12:16:40.0","2017-07-17 12:17:18.0",2,http://www.sfaf.org/hiv-info/basics/what-is-difference-between-hiv-aids.html,"What is <b>the difference between HIV and AIDS</b>? - San ...","<b>HIV</b> is a virus. <b>AIDS</b> is a condition caused by <b>HIV</b>. You can have <b>HIV</b> without developing <b>AIDS</b>, and many people live for many years with <b>HIV</b> without ever developing <b>AIDS</b>."
41962218,194,"hiv and alcohol","2017-07-17 12:20:32.0"
41962218,195,"hiv and pregnancy","2017-07-17 12:20:58.0"
39822741,82,"se puede contraer sida por sexo oral","2017-07-05 16:57:36.0"
39822741,85,"se puede contraer sida por sexo oral","2017-07-05 16:57:37.0"
39822741,85,"se puede contraer sida por sexo oral","2017-07-05 16:57:37.0","2017-07-05 16:58:03.0",2,http://www.youtube.com/watch?v=Xd48e2gtLtU,"¿<b>Se</b> <b>puede contraer VIH mediante el</b> <b>sexo</b> <b>oral</b>? - <b>YouTube</b>","¿<b>Se puede contraer VIH mediante el sexo oral</b> ... ¿El VIH <b>se puede contraer por sexo oral</b> ... Síntomas del <b>sida</b>, explicación fundamental <b>sida</b> ..."
39822741,85,"se puede contraer sida por sexo oral","2017-07-05 16:57:37.0","2017-07-05 16:58:28.0",4,https://answers.yahoo.com/question/index?qid=20070628093352AAPWYtA,"¿<b>Se</b> <b>puede</b> <b>contraer</b> el virus del VIH <b>SIDA</b> <b>por</b> medio del ...","¿<b>Se puede contraer</b> el virus del VIH <b>SIDA por</b> medio del <b>sexo oral</b>? ... Existe un riesgo incrementado de infectarse con el VIH <b>por sexo oral</b> si hay cortes, ..."
39740302,161,"«Передача, профилактика и последствия ВИЧ-инфекции","2017-07-05 17:57:47.0"
39740302,161,"«Передача, профилактика и последствия ВИЧ-инфекции","2017-07-05 17:57:47.0","2017-07-05 17:58:08.0",5,http://www.nazdor.ru/topics/improvement/diseases/current/464345/,"ВИЧ/СПИД инфекция – <b>профилактика</b>, симптомы <b>и</b> лечение","... <b>профилактика</b>, симптомы <b>и</b> ... <b>последствия</b> ... от <b>ВИЧ-инфекции и</b> ..."
39740302,161,"«Передача, профилактика и последствия ВИЧ-инфекции","2017-07-05 17:57:47.0","2017-07-05 17:58:12.0",3,http://www.spid.ru/spid/ru/transmission_path,"ВИЧ/СПИД, <b>ПРОФИЛАКТИКА</b> - spid.ru","ВИЧ-инфекция <b>и</b> дети; <b>Профилактика</b> ... Источник <b>ВИЧ-инфекции</b> ... <b>Передача</b> ВИЧ ..."
39740302,161,"«Передача, профилактика и последствия ВИЧ-инфекции","2017-07-05 17:57:47.0","2017-07-05 17:58:15.0",2,https://zdorov.online/bolezni/vich-infektsiya/,"ВИЧ: инкубационный период, диагностика, <b>профилактика</b> ...","<b>Профилактика ВИЧ-инфекции</b> . ... <b>Передача</b> вируса от рожающей мамы ... лечение <b>и профилактика</b>;"
39740302,163,"«Передача, профилактика и последствия ВИЧ-инфекции","2017-07-05 18:00:41.0"
39740302,163,"«Передача, профилактика и последствия ВИЧ-инфекции","2017-07-05 18:00:41.0","2017-07-05 18:01:33.0",1,http://lookmedbook.ru/disease/vich-infekciyaspid,"ВИЧ-инфекция/СПИД симптомы, причины, диагностика, лечение ...","В результате развития <b>ВИЧ-инфекции</b> ... <b>Профилактика</b>; ... осложнения <b>и последствия</b> ВИЧ ..."
39740302,163,"«Передача, профилактика и последствия ВИЧ-инфекции","2017-07-05 18:00:41.0","2017-07-05 18:02:23.0",5,http://www.nazdor.ru/topics/improvement/diseases/current/464345/,"ВИЧ/СПИД инфекция – <b>профилактика</b>, симптомы <b>и</b> лечение","... <b>профилактика</b>, симптомы <b>и</b> ... <b>последствия</b> ... от <b>ВИЧ-инфекции и</b> ..."
23228736,160,"transmission, prevention, and consequences of HIV infection","2017-07-05 17:56:41.0"
23228736,160,"transmission, prevention, and consequences of HIV infection","2017-07-05 17:56:41.0","2017-07-05 17:57:45.0",2,https://www.cdc.gov/hiv/basics/prevention.html,"<b>Prevention</b> | <b>HIV</b> Basics | <b>HIV</b>/<b>AIDS</b> | CDC","About <b>HIV</b>/<b>AIDS</b>; <b>Transmission</b>; <b>Prevention</b>; Testing; ... have long-term health <b>consequences</b>. ... thing you can do is to take medicines to treat <b>HIV infection</b> ..."
23228736,160,"transmission, prevention, and consequences of HIV infection","2017-07-05 17:56:41.0","2017-07-05 17:58:29.0",4,https://www.avert.org/hiv-transmission-prevention,"<b>HIV</b> <b>transmission &amp; prevention</b> | <b>AVERT</b>","Educate yourself about <b>HIV transmission</b> so you know how <b>HIV</b> can be passed ... Global information and education on <b>HIV</b> and <b>AIDS</b>. Enter your ... <b>Transmission &amp; prevention</b>."
23228736,160,"transmission, prevention, and consequences of HIV infection","2017-07-05 17:56:41.0","2017-07-05 17:59:17.0",4,https://www.avert.org/hiv-transmission-prevention,"<b>HIV</b> <b>transmission &amp; prevention</b> | <b>AVERT</b>","Educate yourself about <b>HIV transmission</b> so you know how <b>HIV</b> can be passed ... Global information and education on <b>HIV</b> and <b>AIDS</b>. Enter your ... <b>Transmission &amp; prevention</b>."
36505751,214,"hiv infection","2017-07-17 12:36:13.0"
36505751,215,"transmission, prevention, and consequences of HIV infection","2017-07-17 12:37:02.0"
36505751,215,"transmission, prevention, and consequences of HIV infection","2017-07-17 12:37:02.0","2017-07-17 12:37:07.0",1,https://aidsinfo.nih.gov/understanding-hiv-aids/fact-sheets/20/48/the-basics-of-hiv-prevention,"The Basics <b>of HIV Prevention</b> | Understanding <b>HIV</b>/<b>AIDS</b> ...","... the <b>prevention</b> of mother-to-child <b>transmission</b>, and <b>HIV</b> treatment side <b>effects</b>. ... <b>AIDS</b> Clinical Trials; <b>HIV Prevention</b> . ... <b>Transmission</b>; <b>HIV</b> ..."
41701849,248,"aids","2017-07-17 12:59:26.0"
41701849,249,"aids symptoms","2017-07-17 12:59:31.0"
30075436,88,"hiv infection","2017-07-05 16:58:03.0"
30075436,88,"hiv infection","2017-07-05 16:58:03.0","2017-07-05 16:58:06.0",1,http://www.medicinenet.com/hiv_infection_symptoms_and_signs/symptoms.htm,"<b>HIV Infection</b>: Check Your Symptoms and Signs","Learn the symptoms and signs of <b>human immunodeficiency virus</b> (<b>HIV) infection</b> and the medications used in treatment. Common symptoms and signs include fever, rash ..."
30075436,88,"hiv infection","2017-07-05 16:58:03.0","2017-07-05 16:58:40.0",2,http://www.webmd.com/hiv-aids/tc/human-immunodeficiency-virus-hiv-infection-topic-overview,"<b>HIV</b> (<b>Human Immunodeficiency Virus</b>) <b>Infection</b> - <b>webmd.com</b>","<b>HIV</b> (<b>human immunodeficiency virus</b>) is a <b>virus</b> that attacks the immune system, the body&#39;s natural defense system. Without a strong immune system, the body has trouble ..."
30075436,95,"Lies about hiv","2017-07-05 16:58:44.0"
30075436,95,"Lies about hiv","2017-07-05 16:58:44.0","2017-07-05 16:58:52.0",2,http://www.hivequal.org/hiv-equal-online/10-outrageous-lies-about-hiv-worth-squashing,"10 <b>Outrageous Lies About HIV Worth Squashing</b> :: <b>HIV</b> Equal","You would think that after three decades of the <b>HIV</b>/AIDS epidemic, gay men would know everything there is to know about the <b>HIV</b> virus. Unfortunately, so many folks ..."
30075436,95,"Lies about hiv","2017-07-05 16:58:44.0","2017-07-05 16:59:40.0",1,http://www.shirleys-wellness-cafe.com/Aids/Aids,"<b>Questioning the AIDS Virus</b>, <b>HIV</b>, and AZT Controversy","<b>Questioning the AIDS Virus</b>, <b>HIV</b>, ... AIDS and <b>HIV</b>: <b>Lies</b>, Cover-up, Deception, Profits and Genocide; Healing AIDS and <b>HIV</b> Naturally with a Drug-free Approach;"
30075436,101,"all about hiv aids","2017-07-05 17:00:21.0"
30075436,101,"all about hiv aids","2017-07-05 17:00:21.0","2017-07-05 17:00:24.0",1,https://www.plannedparenthood.org/learn/stds-hiv-safer-sex/hiv-aids,"What Is <b>HIV / AIDS</b> &amp; How Do You Get It?","<b>HIV</b> is the virus that causes <b>AIDS</b>. It damages your immune system, making it easier for you to get sick. Condoms can help protect from <b>HIV</b> during sex."
30075436,101,"all about hiv aids","2017-07-05 17:00:21.0","2017-07-05 17:02:01.0",6,https://en.wikipedia.org/wiki/AIDS,"<b>HIV/AIDS</b> - <b>Wikipedia</b>","<b>HIV/AIDS</b>; Synonyms: <b>HIV</b> disease, <b>HIV</b> infection: The red ribbon is a symbol for solidarity with <b>HIV</b>-positive people and those living with <b>AIDS</b>. Specialty"
30075436,107,"Hiv transmission","2017-07-05 17:02:19.0"
30075436,107,"Hiv transmission","2017-07-05 17:02:19.0","2017-07-05 17:02:22.0",1,http://www.webmd.com/hiv-aids/hiv-aids-transmission-directory,"<b>AIDS/HIV Transmission</b> Directory: Find News, Features, and ...","<b>AIDS / HIV Transmission</b> Directory. <b>HIV</b> is transmitted when an infected person&#39;s bodily fluids enter another person&#39;s body. This usually happens through sex or drug use."
36972337,102,"فيروس نقص المناعه","2017-07-05 17:00:51.0"
36972337,102,"فيروس نقص المناعه","2017-07-05 17:00:51.0","2017-07-05 17:00:56.0",1,https://ar.wikipedia.org/wiki/%D9%81%D9%8A%D8%B1%D9%88%D8%B3_%D9%86%D9%82%D8%B5_%D8%A7%D9%84%D9%85%D9%86%D8%A7%D8%B9%D8%A9_%D8%A7%D9%84%D8%A8%D8%B4%D8%B1%D9%8A%D8%A9,"<b>فيروس</b> العوز المناعي البشري - ويكيبيديا، الموسوعة الحرة","يقدر معدل انتشار <b>فيروس نقص المناعة</b> البشرية في نهاية عام 2005 بين البالغين الشباب (15-49) ..."
36972337,102,"فيروس نقص المناعه","2017-07-05 17:00:51.0","2017-07-05 17:03:06.0",4,https://lmarabic.com/resource/hiv,"<b>فيروس نقص المناعة</b> البشرية (HIV) | الحب ثقافة","اتش آي في (HIV) هو اختصار لفيروس <b>نقص المناعة</b> البشرية human immunodeficiency virus ، والذي يسبب مرض الإيدز."
36972337,102,"فيروس نقص المناعه","2017-07-05 17:00:51.0","2017-07-05 17:03:29.0",1,https://ar.wikipedia.org/wiki/%D9%81%D9%8A%D8%B1%D9%88%D8%B3_%D9%86%D9%82%D8%B5_%D8%A7%D9%84%D9%85%D9%86%D8%A7%D8%B9%D8%A9_%D8%A7%D9%84%D8%A8%D8%B4%D8%B1%D9%8A%D8%A9,"<b>فيروس</b> العوز المناعي البشري - ويكيبيديا، الموسوعة الحرة","يقدر معدل انتشار <b>فيروس نقص المناعة</b> البشرية في نهاية عام 2005 بين البالغين الشباب (15-49) ..."
36972337,111,"فيروس نقص المناعه hiv","2017-07-05 17:03:48.0"
36972337,111,"فيروس نقص المناعه hiv","2017-07-05 17:03:48.0","2017-07-05 17:03:52.0",2,https://www.facebook.com/permalink.php?id=118586891584480&story_fbid=439092402867259,"‫علامات تدل على ظهور <b>فيروس</b> <b>نقص</b> <b>المناعة</b>... - الدكتور / يوسف ...","علامات تدل على ظهور <b>فيروس نقص المناعة</b> البشرية <b>hiv</b> في غضون شهر أو اثنين من دخول <b>فيروس نقص</b> ..."
36972337,111,"فيروس نقص المناعه hiv","2017-07-05 17:03:48.0","2017-07-05 17:05:50.0",1,https://lmarabic.com/safe-sex/stds-and-stis/hiv,"<b>فيروس</b> <b>نقص</b> <b>المناعة</b> البشرية (<b>HIV</b>) | الحب ثقافة","اتش آي في (<b>HIV</b>) هو اختصار لفيروس <b>نقص المناعة</b> البشرية <b>human immunodeficiency virus</b> ، والذي يسبب مرض الإيدز."
36972337,116,"hiv lvq","2017-07-05 17:06:16.0"
36972337,118,"hiv مرض","2017-07-05 17:06:21.0"
36972337,118,"hiv مرض","2017-07-05 17:06:21.0","2017-07-05 17:06:29.0",7,http://www.tebtime.com/%D9%81%D9%8A%D8%B1%D9%88%D8%B3-HIV--%D8%AA%D8%B3%D8%B9%D8%A9-%D8%AD%D9%82%D8%A7%D8%A6%D9%82-%D9%8A%D8%AC%D8%A8-%D9%85%D8%B9%D8%B1%D9%81%D8%AA%D9%87%D8%A7-65/%D8%AA%D8%B1%D8%A8%D9%8A%D8%A9-%D8%AC%D9%86%D8%B3%D9%8A%D8%A9,"فيروس <b>HIV</b>: تسعة حقائق يجب معرفتها - طب تايم","فيروس <b>HIV</b>: تسعة حقائق يجب معرفتها، <b>HIV</b>- <b>Human Immunodeficiency Virus</b>، AIDS- Acquired Immunodeficiency Syndrome..."
43405953,153,"transmission","2017-07-05 17:34:42.0"
43405953,153,"transmission","2017-07-05 17:34:42.0","2017-07-05 17:34:45.0",1,https://transmissionbt.com/,"<b>Transmission</b>","Download Now Release Notes Previous Releases. Critical security notice. to users who downloaded <b>Transmission</b> 2.92 for Mac on August 28th or 29th"
43405953,154,"prevention","2017-07-05 17:36:01.0"
43405953,154,"prevention","2017-07-05 17:36:01.0","2017-07-05 17:36:03.0",1,http://www.prevention.com/,"<b>Prevention</b> - Official Site","Information about getting fit, losing weight, and living healthier lives from <b>Prevention</b>.com."
43405953,155,"onsequences of HIV infection","2017-07-05 17:36:57.0"
43405953,155,"onsequences of HIV infection","2017-07-05 17:36:57.0","2017-07-05 17:36:58.0",1,http://www.thebody.com/h/what-are-the-consequences-of-hiv-infection.html/,"What Are <b>The Consequences Of Hiv Infection</b> - The Body","<b>TheBody.com</b> fills you in on the topic, what are <b>the consequences of hiv infection</b>, with a wealth of fact sheets, expert advice, community perspective, the latest news ..."
39555293,159,"transmision vih","2017-07-05 17:53:31.0"
39555293,159,"transmision vih","2017-07-05 17:53:31.0","2017-07-05 17:53:35.0",1,https://www.cdc.gov/hiv/spanish/basics/transmission.html,"Transmisión del <b>VIH</b> | Información básica | <b>VIH</b>/SIDA | CDC","Persisten algunos mitos sobre cómo se transmite el <b>VIH</b>. Esta sección proporciona información sobre el riesgo de transmisión del <b>VIH</b> por diferentes tipos de ..."
40639724,60,"sexo oral y hiv","2017-07-05 16:54:02.0"
40639724,67,"condones naturales y sexo oral","2017-07-05 16:54:48.0"
40639724,68,"condones naturales y hiv","2017-07-05 16:55:01.0"
40639724,69,"condones naturales y hiv","2017-07-05 16:55:04.0"
40639724,77,"hives causes","2017-07-05 16:56:32.0"
40639724,77,"hives causes","2017-07-05 16:56:32.0","2017-07-05 16:56:41.0",3,http://www.healthline.com/health/hives,"<b>Hives: Causes</b>, Risks, Prevention, and Pictures - Healthline","<b>Hives</b>, or <b>urticaria</b>, are itchy, raised welts that are found on the skin. <b>Hives</b> are often caused by an allergic reaction."
40639724,77,"hives causes","2017-07-05 16:56:32.0","2017-07-05 16:57:20.0",4,http://www.mayoclinic.org/diseases-conditions/hives-and-angioedema/symptoms-causes/dxc-20257141,"<b>Hives</b> and angioedema <b>Symptoms and causes</b> - Mayo Clinic","<b>Hives</b> and angioedema — Learn more about these common skin conditions and their symptoms, <b>causes</b>, treatment and home remedies. Includes photos."
40846833,61,"transmission, prevention, and consequences of HIV infection","2017-07-05 16:54:03.0"
40846833,61,"transmission, prevention, and consequences of HIV infection","2017-07-05 16:54:03.0","2017-07-05 16:54:06.0",1,https://aidsinfo.nih.gov/understanding-hiv-aids/fact-sheets/20/48/the-basics-of-hiv-prevention,"The Basics <b>of HIV Prevention</b> | Understanding <b>HIV</b>/<b>AIDS</b> ...","... the <b>prevention</b> of mother-to-child <b>transmission</b>, and <b>HIV</b> treatment side <b>effects</b>. ... <b>AIDS</b> Clinical Trials; <b>HIV Prevention</b> . ... <b>Transmission</b>; <b>HIV</b> ..."
40846833,65,"transmission, prevention, and consequences of HIV infection","2017-07-05 16:54:34.0"
40846833,65,"transmission, prevention, and consequences of HIV infection","2017-07-05 16:54:34.0","2017-07-05 16:54:35.0",3,https://en.wikipedia.org/wiki/Prevention_of_HIV/AIDS,"<b>Prevention</b> <b>of HIV</b>/<b>AIDS</b> - <b>Wikipedia</b>","Consistent condom use reduces the risk of heterosexual <b>HIV transmission</b> by about 80% ... rates of adverse <b>effects</b> ... consider <b>prevention of HIV infection</b> as a ..."
40846833,65,"transmission, prevention, and consequences of HIV infection","2017-07-05 16:54:34.0","2017-07-05 16:55:02.0",2,https://www.cdc.gov/hiv/basics/prevention.html,"<b>Prevention</b> | <b>HIV</b> Basics | <b>HIV</b>/<b>AIDS</b> | CDC","About <b>HIV</b>/<b>AIDS</b>; <b>Transmission</b>; <b>Prevention</b>; Testing; ... have long-term health <b>consequences</b>. ... thing you can do is to take medicines to treat <b>HIV infection</b> ..."
40846833,65,"transmission, prevention, and consequences of HIV infection","2017-07-05 16:54:34.0","2017-07-05 16:55:02.0",2,https://www.cdc.gov/hiv/basics/prevention.html,"<b>Prevention</b> | <b>HIV</b> Basics | <b>HIV</b>/<b>AIDS</b> | CDC","About <b>HIV</b>/<b>AIDS</b>; <b>Transmission</b>; <b>Prevention</b>; Testing; ... have long-term health <b>consequences</b>. ... thing you can do is to take medicines to treat <b>HIV infection</b> ..."
40846833,65,"transmission, prevention, and consequences of HIV infection","2017-07-05 16:54:34.0","2017-07-05 16:55:32.0",4,https://www.avert.org/hiv-transmission-prevention,"<b>HIV</b> <b>transmission &amp; prevention</b> | <b>AVERT</b>","Educate yourself about <b>HIV transmission</b> so you know how <b>HIV</b> can be passed ... Global information and education on <b>HIV</b> and <b>AIDS</b>. Enter your ... <b>Transmission &amp; prevention</b>."
40846833,65,"transmission, prevention, and consequences of HIV infection","2017-07-05 16:54:34.0","2017-07-05 16:56:08.0",5,http://www.aidsmap.com/Transmission-and-prevention/cat/1377/,"<b>HIV</b> &amp; <b>AIDS</b> Information :: Topics - <b>Transmission and prevention</b>","<b>Transmission and prevention</b> news from aidsmap . Young women in Zimbabwe in sexual relationships with older men have an especially high risk of <b>infection</b> with <b>HIV</b>"
40846833,65,"transmission, prevention, and consequences of HIV infection","2017-07-05 16:54:34.0","2017-07-05 16:56:18.0",6,http://www.sciencedirect.com/science/article/pii/B9780123756787001139,"<b>HIV</b>/<b>AIDS: Transmission, Treatment, and Prevention</b> ...","<b>HIV</b>/<b>AIDS: Transmission, Treatment, and Prevention</b>, ... three themes <b>of HIV transmission</b>, <b>prevention</b>, and <b>AIDS</b> ... <b>consequences</b> of the <b>HIV</b>/<b>AIDS</b> epidemic is the ..."
40846833,79,"transmission, prevention, and consequences of HIV infection","2017-07-05 16:56:53.0"
40846833,79,"transmission, prevention, and consequences of HIV infection","2017-07-05 16:56:53.0","2017-07-05 16:56:55.0",1,https://aidsinfo.nih.gov/understanding-hiv-aids/fact-sheets/20/48/the-basics-of-hiv-prevention,"The Basics <b>of HIV Prevention</b> | Understanding <b>HIV</b>/<b>AIDS</b> ...","... the <b>prevention</b> of mother-to-child <b>transmission</b>, and <b>HIV</b> treatment side <b>effects</b>. ... <b>AIDS</b> Clinical Trials; <b>HIV Prevention</b> . ... <b>Transmission</b>; <b>HIV</b> ..."
40846833,79,"transmission, prevention, and consequences of HIV infection","2017-07-05 16:56:53.0","2017-07-05 16:57:05.0",1,https://aidsinfo.nih.gov/understanding-hiv-aids/fact-sheets/20/48/the-basics-of-hiv-prevention,"The Basics <b>of HIV Prevention</b> | Understanding <b>HIV</b>/<b>AIDS</b> ...","... the <b>prevention</b> of mother-to-child <b>transmission</b>, and <b>HIV</b> treatment side <b>effects</b>. ... <b>AIDS</b> Clinical Trials; <b>HIV Prevention</b> . ... <b>Transmission</b>; <b>HIV</b> ..."
40846833,84,"transmission, prevention, and consequences of HIV infection","2017-07-05 16:57:36.0"
40846833,84,"transmission, prevention, and consequences of HIV infection","2017-07-05 16:57:36.0","2017-07-05 16:57:39.0",2,https://www.cdc.gov/hiv/basics/prevention.html,"<b>Prevention</b> | <b>HIV</b> Basics | <b>HIV</b>/<b>AIDS</b> | CDC","About <b>HIV</b>/<b>AIDS</b>; <b>Transmission</b>; <b>Prevention</b>; Testing; ... have long-term health <b>consequences</b>. ... thing you can do is to take medicines to treat <b>HIV infection</b> ..."
40846833,84,"transmission, prevention, and consequences of HIV infection","2017-07-05 16:57:36.0","2017-07-05 16:57:49.0",5,http://www.aidsmap.com/Transmission-and-prevention/cat/1377/,"<b>HIV</b> &amp; <b>AIDS</b> Information :: Topics - <b>Transmission and prevention</b>","<b>Transmission and prevention</b> news from aidsmap . Young women in Zimbabwe in sexual relationships with older men have an especially high risk of <b>infection</b> with <b>HIV</b>"
40846833,84,"transmission, prevention, and consequences of HIV infection","2017-07-05 16:57:36.0","2017-07-05 16:58:01.0",5,http://www.aidsmap.com/Transmission-and-prevention/cat/1377/,"<b>HIV</b> &amp; <b>AIDS</b> Information :: Topics - <b>Transmission and prevention</b>","<b>Transmission and prevention</b> news from aidsmap . Young women in Zimbabwe in sexual relationships with older men have an especially high risk of <b>infection</b> with <b>HIV</b>"
40846833,84,"transmission, prevention, and consequences of HIV infection","2017-07-05 16:57:36.0","2017-07-05 16:58:06.0",3,https://en.wikipedia.org/wiki/Prevention_of_HIV/AIDS,"<b>Prevention</b> <b>of HIV</b>/<b>AIDS</b> - <b>Wikipedia</b>","Consistent condom use reduces the risk of heterosexual <b>HIV transmission</b> by about 80% ... rates of adverse <b>effects</b> ... consider <b>prevention of HIV infection</b> as a ..."
40846833,84,"transmission, prevention, and consequences of HIV infection","2017-07-05 16:57:36.0","2017-07-05 16:58:21.0",1,https://aidsinfo.nih.gov/understanding-hiv-aids/fact-sheets/20/48/the-basics-of-hiv-prevention,"The Basics <b>of HIV Prevention</b> | Understanding <b>HIV</b>/<b>AIDS</b> ...","... the <b>prevention</b> of mother-to-child <b>transmission</b>, and <b>HIV</b> treatment side <b>effects</b>. ... <b>AIDS</b> Clinical Trials; <b>HIV Prevention</b> . ... <b>Transmission</b>; <b>HIV</b> ..."
37419835,143,"вич","2017-07-05 17:30:16.0"
37419835,143,"вич","2017-07-05 17:30:16.0","2017-07-05 17:30:20.0",1,https://en.wikipedia.org/wiki/HIV,"<b>HIV</b> - <b>Wikipedia</b>","HIV is a member of the genus Lentivirus, part of the family Retroviridae. Lentiviruses have many morphologies and biological properties in common. Many ..."
37419835,143,"вич","2017-07-05 17:30:16.0","2017-07-05 17:34:07.0",2,https://www.cdc.gov/hiv/default.html,"<b>CDC HIV</b> - Official Site","<b>HIV/AIDS</b> statistics and surveillance and how they are used. Research. The on-going research on HIV prevention at CDC. ... About the Division of <b>HIV/AIDS Prevention</b>."
37419835,143,"вич","2017-07-05 17:30:16.0","2017-07-05 17:34:55.0",1,https://en.wikipedia.org/wiki/HIV,"<b>HIV</b> - <b>Wikipedia</b>","HIV is a member of the genus Lentivirus, part of the family Retroviridae. Lentiviruses have many morphologies and biological properties in common. Many ..."
43509684,162," transmission, prevention and consequences of HIV infection","2017-07-05 17:58:29.0"
43509684,162," transmission, prevention and consequences of HIV infection","2017-07-05 17:58:29.0","2017-07-05 17:58:52.0",1,https://aidsinfo.nih.gov/understanding-hiv-aids/fact-sheets/20/48/the-basics-of-hiv-prevention,"The Basics <b>of HIV Prevention</b> | Understanding <b>HIV</b>/<b>AIDS</b> ...","... the <b>prevention</b> of mother-to-child <b>transmission</b>, and <b>HIV</b> treatment side <b>effects</b>. ... <b>AIDS</b> Clinical Trials; <b>HIV Prevention</b> . ... <b>Transmission</b>; <b>HIV</b> ..."
39862135,168,"transmission, prevention, and consequences of HIV infection","2017-07-05 18:24:24.0"
39862135,168,"transmission, prevention, and consequences of HIV infection","2017-07-05 18:24:24.0","2017-07-05 18:24:32.0",1,https://aidsinfo.nih.gov/understanding-hiv-aids/fact-sheets/20/48/the-basics-of-hiv-prevention,"The Basics <b>of HIV Prevention</b> | Understanding <b>HIV</b>/<b>AIDS</b> ...","... the <b>prevention</b> of mother-to-child <b>transmission</b>, and <b>HIV</b> treatment side <b>effects</b>. ... <b>AIDS</b> Clinical Trials; <b>HIV Prevention</b> . ... <b>Transmission</b>; <b>HIV</b> ..."
39862135,168,"transmission, prevention, and consequences of HIV infection","2017-07-05 18:24:24.0","2017-07-05 18:24:41.0",3,https://en.wikipedia.org/wiki/Prevention_of_HIV/AIDS,"<b>Prevention</b> <b>of HIV</b>/<b>AIDS</b> - <b>Wikipedia</b>","Consistent condom use reduces the risk of heterosexual <b>HIV transmission</b> by about 80% ... rates of adverse <b>effects</b> ... consider <b>prevention of HIV infection</b> as a ..."
39862135,169,"transmission, prevention, and consequences of HIV infection","2017-07-05 18:27:54.0"
39862135,169,"transmission, prevention, and consequences of HIV infection","2017-07-05 18:27:54.0","2017-07-05 18:28:02.0",1,https://aidsinfo.nih.gov/understanding-hiv-aids/fact-sheets/20/48/the-basics-of-hiv-prevention,"The Basics <b>of HIV Prevention</b> | Understanding <b>HIV</b>/<b>AIDS</b> ...","... the <b>prevention</b> of mother-to-child <b>transmission</b>, and <b>HIV</b> treatment side <b>effects</b>. ... <b>AIDS</b> Clinical Trials; <b>HIV Prevention</b> . ... <b>Transmission</b>; <b>HIV</b> ..."
39862135,169,"transmission, prevention, and consequences of HIV infection","2017-07-05 18:27:54.0","2017-07-05 18:28:24.0",3,https://en.wikipedia.org/wiki/Prevention_of_HIV/AIDS,"<b>Prevention</b> <b>of HIV</b>/<b>AIDS</b> - <b>Wikipedia</b>","Consistent condom use reduces the risk of heterosexual <b>HIV transmission</b> by about 80% ... rates of adverse <b>effects</b> ... consider <b>prevention of HIV infection</b> as a ..."
43673247,87,"SIDA","2017-07-05 16:58:03.0"
43673247,87,"SIDA","2017-07-05 16:58:03.0","2017-07-05 16:58:07.0",1,https://es.wikipedia.org/wiki/Sida,"VIH/<b>sida</b> - Wikipedia, la enciclopedia libre","VIH/<b>sida</b>; El lazo rojo es un símbolo de solidaridad hacia las personas VIH positivo y aquellos que viven con <b>sida</b>. [1] Clasificación y recursos externos"
43673247,106,"SIDA","2017-07-05 17:02:07.0"
43673247,106,"SIDA","2017-07-05 17:02:07.0","2017-07-05 17:02:09.0",1,https://es.wikipedia.org/wiki/Sida,"VIH/<b>sida</b> - Wikipedia, la enciclopedia libre","VIH/<b>sida</b>; El lazo rojo es un símbolo de solidaridad hacia las personas VIH positivo y aquellos que viven con <b>sida</b>. [1] Clasificación y recursos externos"
43673247,110,"Una persona puede contraer el VIH por un asiento de inodoro.","2017-07-05 17:03:30.0"
42544704,91,"hiv","2017-07-05 16:58:23.0"
42544704,91,"hiv","2017-07-05 16:58:23.0","2017-07-05 16:58:32.0",1,https://en.wikipedia.org/wiki/HIV,"<b>HIV</b> - Wikipedia","The <b>human immunodeficiency virus</b> (<b>HIV</b>) is a lentivirus (a subgroup of retrovirus) that causes <b>HIV</b> infection and over time acquired immunodeficiency ..."
41034016,266,"VIH transmission","2017-07-17 13:12:48.0"
41034016,270,"VIH prevention","2017-07-17 13:15:26.0"
41034016,270,"VIH prevention","2017-07-17 13:15:26.0","2017-07-17 13:15:34.0",2,https://www.avert.org/hiv-transmission-prevention,"HIV <b>transmission &amp; prevention</b> | <b>AVERT</b>","<b>Transmission &amp; prevention</b>. Share. HIV <b>transmission &amp; prevention</b> . You can only get HIV if the bodily fluids of someone who already has HIV get into your body."
41034016,271,"HIV myths","2017-07-17 13:16:02.0"
