25864227,847,"NASA","2017-07-26 06:05:35.0"
25864227,848,"NASA","2017-07-26 06:05:36.0"
25864227,850,"NASA principal orga","2017-07-26 06:05:49.0"
25864227,851,"nasa human exploration","2017-07-26 06:06:10.0"
25864227,853,"nasa hmission directorates","2017-07-26 06:07:00.0"
25864227,854,"nasa human exploration","2017-07-26 06:07:07.0"
25864227,858,"The Apollo Program was the first United States ","2017-07-26 06:08:22.0"
25864227,859,"One of President John F. Kennedy's national goals was landing a man on the Moon","2017-07-26 06:08:56.0"
25864227,859,"One of President John F. Kennedy's national goals was landing a man on the Moon","2017-07-26 06:08:56.0","2017-07-26 06:09:05.0",1,http://history.nasa.gov/moondec.html,"<b>The Decision to Go to the</b> <b>Moon</b>: <b>President</b> <b>John F. Kennedy</b> ...","<b>National</b> Aeronautics and Space ... <b>The Decision to Go to the Moon</b>: <b>President John F. Kennedy&#39;s</b> May ... and Apollo were designed to execute <b>Kennedy&#39;s goal</b>."
25864227,859,"One of President John F. Kennedy's national goals was landing a man on the Moon","2017-07-26 06:08:56.0","2017-07-26 06:09:14.0",3,https://en.wikipedia.org/wiki/Project_Apollo,"<b>Apollo program</b> - <b>Wikipedia</b>","... Apollo was later dedicated to <b>President John F. Kennedy&#39;s national goal</b> of ... of <b>landing a man on the Moon</b> and ... the <b>Moon</b> after <b>landing</b> once. <b>One</b> of the ..."
25864227,862," The Apollo 8 was the first mission achieved the goal","2017-07-26 06:09:32.0"
25864227,885,"The astronaut Jeff Williams spent","2017-07-26 06:15:16.0"
43164637,891,"past, present, and possible future of interplanetary missions that are planned by the NASA","2017-07-26 06:17:14.0"
43164637,891,"past, present, and possible future of interplanetary missions that are planned by the NASA","2017-07-26 06:17:14.0","2017-07-26 06:17:25.0",1,https://www.nasa.gov/missions/,"<b>NASA</b> <b>Missions</b> A-Z | <b>NASA</b>","<b>NASA.gov</b> brings you the latest images, videos and news from America&#39;s space agency. Get the latest updates on <b>NASA missions</b>, watch <b>NASA</b> TV live, and learn about our ..."
43164637,891,"past, present, and possible future of interplanetary missions that are planned by the NASA","2017-07-26 06:17:14.0","2017-07-26 06:19:00.0",1,https://www.nasa.gov/missions/,"<b>NASA</b> <b>Missions</b> A-Z | <b>NASA</b>","<b>NASA.gov</b> brings you the latest images, videos and news from America&#39;s space agency. Get the latest updates on <b>NASA missions</b>, watch <b>NASA</b> TV live, and learn about our ..."
43164637,891,"past, present, and possible future of interplanetary missions that are planned by the NASA","2017-07-26 06:17:14.0","2017-07-26 06:19:07.0",2,https://jpl.nasa.gov/missions/,"<b>Missions</b> - <b>NASA</b> Jet Propulsion Laboratory (JPL)","... a <b>planned mission</b> to ... <b>NASA</b>&#39;s <b>planned</b> Europa Clipper ... Phoenix was a lander sent to the surface of Mars to search for evidence of <b>past</b> or <b>present</b> ..."
41914129,1030,"theory of evolution","2017-07-26 07:03:03.0"
41914129,1030,"theory of evolution","2017-07-26 07:03:03.0","2017-07-26 07:03:06.0",1,https://www.livescience.com/474-controversy-evolution-works.html,"Darwin&#39;s <b>Theory of Evolution</b>: Definition &amp; Evidence","Charles Darwin&#39;s <b>theory of evolution</b> and natural selection isn&#39;t an idea with holes. It&#39;s one of the most solid theories in science. But what exactly is it?"
41914129,1030,"theory of evolution","2017-07-26 07:03:03.0","2017-07-26 07:04:29.0",2,http://www.darwins-theory-of-evolution.com/,"<b>Darwin&#39;s Theory Of Evolution</b>","<b>Darwin&#39;s Theory Of Evolution</b> - A <b>theory</b> in crisis in light of the tremendous advances we&#39;ve made in molecular biology, biochemistry, genetics and information <b>theory</b>."
41914129,1030,"theory of evolution","2017-07-26 07:03:03.0","2017-07-26 07:07:33.0",6,https://en.wikipedia.org/wiki/Evolution,"<b>Evolution</b> - Wikipedia","The crucial break from the concept of constant typological classes or types in biology came with the <b>theory of evolution</b> through natural selection, ..."
41914129,1038," past, present, and possible future of interplanetary missions that are planned by the NASA'. ","2017-07-26 07:06:18.0"
41914129,1038," past, present, and possible future of interplanetary missions that are planned by the NASA'. ","2017-07-26 07:06:18.0","2017-07-26 07:06:49.0",2,https://jpl.nasa.gov/missions/,"<b>Missions</b> - <b>NASA</b> Jet Propulsion Laboratory (JPL)","... a <b>planned mission</b> to ... <b>NASA</b>&#39;s <b>planned</b> Europa Clipper ... Phoenix was a lander sent to the surface of Mars to search for evidence of <b>past</b> or <b>present</b> ..."
41914129,1038," past, present, and possible future of interplanetary missions that are planned by the NASA'. ","2017-07-26 07:06:18.0","2017-07-26 07:10:15.0",3,https://en.wikipedia.org/wiki/List_of_NASA_missions,"<b>List of NASA missions</b> - <b>Wikipedia</b>","This is a <b>list of NASA missions</b>, both manned and unmanned, ... <b>Future</b> On May 7, 2009 the ... <b>Planned missions</b>"
41914129,1038," past, present, and possible future of interplanetary missions that are planned by the NASA'. ","2017-07-26 07:06:18.0","2017-07-26 07:10:42.0",5,https://mars.nasa.gov/programmissions/,"<b>Program &amp; Missions</b> | Mars Exploration Program","<b>PROGRAM &amp; MISSIONS</b>: ... Each relies on <b>past missions</b> for proven technologies and contributes its own innovations to <b>future missions</b>. This chain allows <b>NASA</b> to push ..."
39764508,1127,"pasado, el presente y el futuro posible de las misiones interplanetarias planificadas por la NASA","2017-07-26 08:33:45.0"
39764508,1127,"pasado, el presente y el futuro posible de las misiones interplanetarias planificadas por la NASA","2017-07-26 08:33:45.0","2017-07-26 08:35:01.0",1,https://es.wikipedia.org/wiki/NASA,"<b>NASA</b> - Wikipedia, <b>la</b> enciclopedia libre","... dirigidos <b>por la NASA</b>, incluyendo <b>las misiones</b> ... <b>el</b> Espacio lo más Pronto <b>Posible</b>) <b>de la</b> Fuerza ... sobre <b>la</b> existencia, <b>presente</b> o pasada, <b>de</b> ..."
29289135,1027,"john glenn","2017-07-26 07:01:28.0"
29289135,1027,"john glenn","2017-07-26 07:01:28.0","2017-07-26 07:01:32.0",1,https://en.wikipedia.org/wiki/John_Glenn,"<b>John Glenn</b> - <b>Wikipedia</b>","<b>John</b> Herschel <b>Glenn</b> Jr. (July 18, 1921 – December 8, 2016) was a United States Marine Corps aviator, engineer, astronaut, and United States Senator from ..."
29289135,1028,"voyager 1 and 2","2017-07-26 07:02:08.0"
29289135,1028,"voyager 1 and 2","2017-07-26 07:02:08.0","2017-07-26 07:02:13.0",2,https://en.wikipedia.org/wiki/Voyager_1,"<b>Voyager 1</b> - <b>Wikipedia</b>","<b>Voyager 1</b> is a space probe launched by NASA on September 5, 1977. Part of the <b>Voyager</b> program to study the outer Solar System, <b>Voyager 1</b> launched 16 days after its ..."
29289135,1032,"deep space program","2017-07-26 07:03:58.0"
29289135,1032,"deep space program","2017-07-26 07:03:58.0","2017-07-26 07:04:01.0",1,https://www.space.com/11765-nasa-deep-space-exploration-vehicle-announcement.html,"NASA Unveils New Spaceship for <b>Deep</b> <b>Space</b> Exploration","Orion was part of the Constellation <b>program</b>, ... so we can focus on <b>deep space</b> exploration,&quot; NASA Administrator Charlie Bolden said in a statement."
29289135,1032,"deep space program","2017-07-26 07:03:58.0","2017-07-26 07:04:08.0",2,https://en.wikipedia.org/wiki/Deep_Space_Program_Science_Experiment,"<b>Clementine (spacecraft</b>) - <b>Wikipedia</b>","<b>Clementine</b> (officially called the <b>Deep Space Program</b> Science Experiment (DSPSE)) was a joint <b>space</b> project between the Ballistic Missile Defense Organization (BMDO ..."
29289135,1034,"planned nasa missions","2017-07-26 07:05:33.0"
29289135,1034,"planned nasa missions","2017-07-26 07:05:33.0","2017-07-26 07:05:41.0",1,https://jpl.nasa.gov/missions/?type=future,"Future <b>NASA</b> <b>Missions</b> - Space <b>Mission</b> and Science News ...","<b>NASA</b> is developing a first-ever robotic <b>mission</b> to visit a large near-Earth asteroid, collect a multi-ton boulder from its surface, and redirect it into a stable ..."
29289135,1039,"mars 2020","2017-07-26 07:06:34.0"
29289135,1039,"mars 2020","2017-07-26 07:06:34.0","2017-07-26 07:06:37.0",2,https://en.wikipedia.org/wiki/Mars_2020,"<b>Mars 2020</b> - <b>Wikipedia</b>","<b>Mars 2020</b> is a <b>Mars</b> rover mission by NASA&#39;s <b>Mars</b> Exploration Program with a planned launch in <b>2020</b>. It is intended to investigate an astrobiologically relevant ..."
41414773,892,"past, present, and possible future of interplanetary missions that are planned by the NASA","2017-07-26 06:17:38.0"
41414773,892,"past, present, and possible future of interplanetary missions that are planned by the NASA","2017-07-26 06:17:38.0","2017-07-26 06:17:45.0",3,https://en.wikipedia.org/wiki/List_of_NASA_missions,"<b>List of NASA missions</b> - <b>Wikipedia</b>","This is a <b>list of NASA missions</b>, both manned and unmanned, ... <b>Future</b> On May 7, 2009 the ... <b>Planned missions</b>"
42674062,857,"NASA","2017-07-26 06:08:21.0"
42674062,857,"NASA","2017-07-26 06:08:21.0","2017-07-26 06:08:25.0",2,https://en.wikipedia.org/wiki/NASA,"<b>NASA</b> - Wikipedia","The National Aeronautics and Space Administration (<b>NASA</b> / ˈ n æ s ə /) is an independent agency of the executive branch of the United States federal government ..."
42674062,867,"La NASA lleva a cabo su trabajo en dos organizaciones principales, llamadas direcciones de misión: E","2017-07-26 06:11:23.0"
42674062,867,"La NASA lleva a cabo su trabajo en dos organizaciones principales, llamadas direcciones de misión: E","2017-07-26 06:11:23.0","2017-07-26 06:11:32.0",1,http://www.buenastareas.com/materias/introduccion-de-la-nasa/0,"Introduccion <b>De</b> <b>La</b> <b>Nasa</b> Gratis Ensayos - buenastareas.com","<b>La NASA lleva a cabo su trabajo</b> investigativo <b>en</b> tres <b>organizaciones principales</b>, llamados <b>Direcciones misión</b> las cuales ... aún pendiente <b>de la NASA</b> Volver <b>Misión</b>."
42674062,879,"direcciones de mision de la NASA","2017-07-26 06:13:37.0"
42674062,905,"La nave espacial New Horizons de la NASA viajó a través del sistema solar durante casi una década pa","2017-07-26 06:20:29.0"
42674062,909,"). El rover de Curiosity en Marte está en medio de su novena campaña de perforación desde que aterri","2017-07-26 06:21:09.0"
42674062,910,"El rover de Curiosity en Marte está en medio de su novena campaña","2017-07-26 06:21:26.0"
42674062,910,"El rover de Curiosity en Marte está en medio de su novena campaña","2017-07-26 06:21:26.0","2017-07-26 06:21:35.0",1,http://cnnespanol.cnn.com/2014/02/07/el-curiosity-toma-una-instantanea-de-la-tierra-desde-marte/,"<b>El</b> <b>Curiosity</b> toma una instantánea <b>de</b> la Tierra desde <b>Marte</b> ...","Para <b>el</b> explorador <b>Curiosity</b>, es <b>su</b> casa ... <b>de Marte</b> del 2011. <b>El Curiosity Rover de</b> la ... la orbita <b>de Marte</b>. <b>Esta</b> imagen fue tomada <b>en el</b> 2007 ..."
42674062,918,"LADEE representa el Ambiente Lunar y el Explorador del Medio Polvo.","2017-07-26 06:23:51.0"
42674062,921,"LADEE representa el Ambiente Lunar y el Explorador del Medio Polvo.","2017-07-26 06:24:12.0"
40619580,888,"past, present, and possible future of interplanetary missions that are planned by the NASA","2017-07-26 06:16:33.0"
40619580,888,"past, present, and possible future of interplanetary missions that are planned by the NASA","2017-07-26 06:16:33.0","2017-07-26 06:16:39.0",3,https://en.wikipedia.org/wiki/List_of_NASA_missions,"<b>List of NASA missions</b> - <b>Wikipedia</b>","This is a <b>list of NASA missions</b>, both manned and unmanned, ... <b>Future</b> On May 7, 2009 the ... <b>Planned missions</b>"
40619580,888,"past, present, and possible future of interplanetary missions that are planned by the NASA","2017-07-26 06:16:33.0","2017-07-26 06:17:52.0",1,https://www.nasa.gov/missions/,"<b>NASA</b> <b>Missions</b> A-Z | <b>NASA</b>","<b>NASA.gov</b> brings you the latest images, videos and news from America&#39;s space agency. Get the latest updates on <b>NASA missions</b>, watch <b>NASA</b> TV live, and learn about our ..."
40619580,899,"nasa","2017-07-26 06:19:13.0"
40619580,899,"nasa","2017-07-26 06:19:13.0","2017-07-26 06:19:15.0",1,https://www.nasa.gov/,"<b>NASA</b> - Official Site","<b>NASA</b>.gov brings you the latest news, images and videos from America&#39;s space agency, pioneering the future in space exploration, scientific discovery and aeronautics ..."
40619580,899,"nasa","2017-07-26 06:19:13.0","2017-07-26 06:19:24.0",2,https://en.wikipedia.org/wiki/NASA,"<b>NASA</b> - Wikipedia","The National Aeronautics and Space Administration (<b>NASA</b> / ˈ n æ s ə /) is an independent agency of the executive branch of the United States federal government ..."
40619580,922,"nasa motto","2017-07-26 06:24:21.0"
40619580,926,"Skylab is the first space station launched into orbit by the United States.","2017-07-26 06:24:56.0"
42262643,844," past, present, and possible future of interplanetary missions that are plantheory of evolution wiki","2017-07-26 06:03:38.0"
42262643,844," past, present, and possible future of interplanetary missions that are plantheory of evolution wiki","2017-07-26 06:03:38.0","2017-07-26 06:03:46.0",1,https://en.wikipedia.org/wiki/Space_missions,"<b>Space exploration</b> - <b>Wikipedia</b>","<b>Space exploration</b> is the ongoing discovery and ... yield further insight into the <b>past</b>, <b>and possible future</b>, ... expensive <b>interplanetary missions</b> ever ..."
41841934,1004," past, present, and possible future of interplanetary missions that are planned by the NASA","2017-07-26 06:44:12.0"
41841934,1004," past, present, and possible future of interplanetary missions that are planned by the NASA","2017-07-26 06:44:12.0","2017-07-26 06:44:17.0",1,https://www.nasa.gov/missions/,"<b>NASA</b> <b>Missions</b> A-Z | <b>NASA</b>","<b>NASA.gov</b> brings you the latest images, videos and news from America&#39;s space agency. Get the latest updates on <b>NASA missions</b>, watch <b>NASA</b> TV live, and learn about our ..."
41841934,1004," past, present, and possible future of interplanetary missions that are planned by the NASA","2017-07-26 06:44:12.0","2017-07-26 06:44:21.0",2,https://jpl.nasa.gov/missions/,"<b>Missions</b> - <b>NASA</b> Jet Propulsion Laboratory (JPL)","... a <b>planned mission</b> to ... <b>NASA</b>&#39;s <b>planned</b> Europa Clipper ... Phoenix was a lander sent to the surface of Mars to search for evidence of <b>past</b> or <b>present</b> ..."
41841934,1004," past, present, and possible future of interplanetary missions that are planned by the NASA","2017-07-26 06:44:12.0","2017-07-26 06:45:54.0",3,https://en.wikipedia.org/wiki/List_of_NASA_missions,"<b>List of NASA missions</b> - <b>Wikipedia</b>","This is a <b>list of NASA missions</b>, both manned and unmanned, ... <b>Future</b> On May 7, 2009 the ... <b>Planned missions</b>"
43348892,1042,"past, present, and possible future of interplanetary missions that are planned by the NASA","2017-07-26 07:08:15.0"
43348892,1044,"past, present, and possible future of interplanetary missions that are planned by the NASA","2017-07-26 07:08:32.0"
43348892,1044,"past, present, and possible future of interplanetary missions that are planned by the NASA","2017-07-26 07:08:32.0","2017-07-26 07:08:35.0",1,https://www.nasa.gov/missions/,"<b>NASA</b> <b>Missions</b> A-Z | <b>NASA</b>","<b>NASA.gov</b> brings you the latest images, videos and news from America&#39;s space agency. Get the latest updates on <b>NASA missions</b>, watch <b>NASA</b> TV live, and learn about our ..."
43348892,1044,"past, present, and possible future of interplanetary missions that are planned by the NASA","2017-07-26 07:08:32.0","2017-07-26 07:08:37.0",2,https://jpl.nasa.gov/missions/,"<b>Missions</b> - <b>NASA</b> Jet Propulsion Laboratory (JPL)","... a <b>planned mission</b> to ... <b>NASA</b>&#39;s <b>planned</b> Europa Clipper ... Phoenix was a lander sent to the surface of Mars to search for evidence of <b>past</b> or <b>present</b> ..."
43348892,1044,"past, present, and possible future of interplanetary missions that are planned by the NASA","2017-07-26 07:08:32.0","2017-07-26 07:08:38.0",3,https://en.wikipedia.org/wiki/List_of_NASA_missions,"<b>List of NASA missions</b> - <b>Wikipedia</b>","This is a <b>list of NASA missions</b>, both manned and unmanned, ... <b>Future</b> On May 7, 2009 the ... <b>Planned missions</b>"
43348892,1044,"past, present, and possible future of interplanetary missions that are planned by the NASA","2017-07-26 07:08:32.0","2017-07-26 07:08:42.0",4,https://jpl.nasa.gov/missions/?type=future,"<b>Future</b> <b>NASA</b> <b>Missions</b> - Jet Propulsion Laboratory","<b>missions</b>. current; <b>past</b>; <b>future</b>; proposed; all; galleries. images; ... a <b>planned mission</b> to investigate the profound ... <b>NASA</b>&#39;s <b>planned</b> Europa Clipper would conduct ..."
43348892,1045,"past, present, and possible future of interplanetary missions that are planned by the NASA","2017-07-26 07:08:35.0"
29742803,993,"Skylab is the first space station launched into orbit by the United States.","2017-07-26 06:41:02.0"
29742803,995,"LADEE stands for Lunar Atmosphere and Dust Environment Explorer","2017-07-26 06:41:52.0"
29742803,997,"The Lunar Module was designed to descend from lunar orbit to land two astronauts on the Moon and tak","2017-07-26 06:42:24.0"
29742803,1001,"The Apollo 8 was the first mission achieved the goal of lunar landing and returning to earth","2017-07-26 06:43:29.0"
29742803,1007,"NASA stands for National Aeronautics and Space Administration","2017-07-26 06:46:55.0"
29742803,1010,"The Apollo Program was the first United States human spaceflight program","2017-07-26 06:47:38.0"
29742803,1011,"he Command/Service Module was first designed to land on the moon, but later it changed the role to t","2017-07-26 06:48:33.0"
29742803,1013,"Project Mercury was NASA's first human spaceflight program specialized in orbital and sub-orbital fl","2017-07-26 06:49:48.0"
29742803,1014,"Skylab is the first space station launched into orbit by the United States","2017-07-26 06:50:37.0"
36201092,840,"past, present, and possible future of interplanetary missions that are planned by the NASA","2017-07-26 06:01:56.0"
36201092,840,"past, present, and possible future of interplanetary missions that are planned by the NASA","2017-07-26 06:01:56.0","2017-07-26 06:02:12.0",1,https://www.nasa.gov/missions/,"<b>NASA</b> <b>Missions</b> A-Z | <b>NASA</b>","<b>NASA.gov</b> brings you the latest images, videos and news from America&#39;s space agency. Get the latest updates on <b>NASA missions</b>, watch <b>NASA</b> TV live, and learn about our ..."
36201092,840,"past, present, and possible future of interplanetary missions that are planned by the NASA","2017-07-26 06:01:56.0","2017-07-26 06:02:53.0",2,https://jpl.nasa.gov/missions/,"<b>Missions</b> - <b>NASA</b> Jet Propulsion Laboratory (JPL)","... a <b>planned mission</b> to ... <b>NASA</b>&#39;s <b>planned</b> Europa Clipper ... Phoenix was a lander sent to the surface of Mars to search for evidence of <b>past</b> or <b>present</b> ..."
43177880,1074,"woooo","2017-07-26 07:59:44.0"
43177880,1075,"woozworld","2017-07-26 07:59:45.0"
39700030,1058,"nasa","2017-07-26 07:22:34.0"
43626682,901,"theory of evolution","2017-07-26 06:19:38.0"
43626682,901,"theory of evolution","2017-07-26 06:19:38.0","2017-07-26 06:19:57.0",2,http://www.darwins-theory-of-evolution.com/,"<b>Darwin&#39;s Theory Of Evolution</b>","<b>Darwin&#39;s Theory Of Evolution</b> - A <b>theory</b> in crisis in light of the tremendous advances we&#39;ve made in molecular biology, biochemistry, genetics and information <b>theory</b>."
43626682,902,"past, present, and possible future of interplanetary missions that are planned by the NASA","2017-07-26 06:19:47.0"
43626682,902,"past, present, and possible future of interplanetary missions that are planned by the NASA","2017-07-26 06:19:47.0","2017-07-26 06:20:07.0",1,https://www.nasa.gov/missions/,"<b>NASA</b> <b>Missions</b> A-Z | <b>NASA</b>","<b>NASA.gov</b> brings you the latest images, videos and news from America&#39;s space agency. Get the latest updates on <b>NASA missions</b>, watch <b>NASA</b> TV live, and learn about our ..."
43626682,902,"past, present, and possible future of interplanetary missions that are planned by the NASA","2017-07-26 06:19:47.0","2017-07-26 06:22:27.0",3,https://en.wikipedia.org/wiki/List_of_NASA_missions,"<b>List of NASA missions</b> - <b>Wikipedia</b>","This is a <b>list of NASA missions</b>, both manned and unmanned, ... <b>Future</b> On May 7, 2009 the ... <b>Planned missions</b>"
43626682,902,"past, present, and possible future of interplanetary missions that are planned by the NASA","2017-07-26 06:19:47.0","2017-07-26 06:24:24.0",1,https://www.nasa.gov/missions/,"<b>NASA</b> <b>Missions</b> A-Z | <b>NASA</b>","<b>NASA.gov</b> brings you the latest images, videos and news from America&#39;s space agency. Get the latest updates on <b>NASA missions</b>, watch <b>NASA</b> TV live, and learn about our ..."
39642854,1017,"nasa","2017-07-26 06:54:48.0"
39642854,1017,"nasa","2017-07-26 06:54:48.0","2017-07-26 06:55:08.0",4,http://www.huffingtonpost.com/topic/nasa,"<b>NASA</b> - Latest Missions, Discoveries | HuffPost","<b>NASA</b> news, photos, videos, and opinion. ... Tap here to turn on desktop notifications to get the news sent straight to you."
39642854,1017,"nasa","2017-07-26 06:54:48.0","2017-07-26 06:56:03.0",1,https://www.nasa.gov/,"<b>NASA</b> - Official Site","<b>NASA</b>.gov brings you the latest news, images and videos from America&#39;s space agency, pioneering the future in space exploration, scientific discovery and aeronautics ..."
39642854,1017,"nasa","2017-07-26 06:54:48.0","2017-07-26 06:56:06.0",2,https://en.wikipedia.org/wiki/NASA,"<b>NASA</b> - Wikipedia","The National Aeronautics and Space Administration (<b>NASA</b> / ˈ n æ s ə /) is an independent agency of the executive branch of the United States federal government ..."
41742907,845,"story of evolution","2017-07-26 06:03:45.0"
41742907,845,"story of evolution","2017-07-26 06:03:45.0","2017-07-26 06:03:48.0",1,http://www.evolutionary-metaphysics.net/evolution_of_humankind.html,"<b>The Story of Human Evolution</b> - Evolutionary Metaphysics","An step-by-step explanation of natural <b>evolution</b> from the Big Bang to the rise of civilization."
41742907,845,"story of evolution","2017-07-26 06:03:45.0","2017-07-26 06:04:42.0",2,http://storyofevolution.com/,"The <b>Story of Evolution</b>","Once upon a time, (a few hundred million years ago), there lived a little one-celled animal called &quot;Amoeba&quot;. No one really knew where Amoeba had come from."
36181479,1072,"космическая программа США","2017-07-26 07:56:03.0"
36181479,1072,"космическая программа США","2017-07-26 07:56:03.0","2017-07-26 07:56:54.0",1,https://ru.wikipedia.org/wiki/%D0%9A%D0%B0%D1%82%D0%B5%D0%B3%D0%BE%D1%80%D0%B8%D1%8F:%D0%9A%D0%BE%D1%81%D0%BC%D0%B8%D1%87%D0%B5%D1%81%D0%BA%D0%B8%D0%B5_%D0%BF%D1%80%D0%BE%D0%B3%D1%80%D0%B0%D0%BC%D0%BC%D1%8B_%D0%A1%D0%A8%D0%90,"Категория:Космические программы <b>США</b> — Википедия","Страницы в категории «Космические программы <b>США</b> ... Прометей (<b>космическая программа</b>)"
36181479,1072,"космическая программа США","2017-07-26 07:56:03.0","2017-07-26 08:13:06.0",5,http://www.e-reading.club/chapter.php/85087/69/Karash_-_Taiiny_lunnoii_gonki.html,"<b>Космическая программа США</b> «теряет обороты» - Тайны лунной ...","Автор: Караш Юрий, <b>Космическая программа США</b> «теряет обороты» - Тайны лунной гонки, Жанр ..."
36181479,1072,"космическая программа США","2017-07-26 07:56:03.0","2017-07-26 08:13:16.0",3,https://www.golos-ameriki.ru/a/1568163.html,"<b>Космическая программа США</b>: итоги года","2012 год стал для <b>США</b> первым полным годом без космических кораблей, курсирующих между Землей ..."
36181479,1073,"космическая программа","2017-07-26 07:56:12.0"
36181479,1087,"атлас","2017-07-26 08:16:18.0"
36181479,1088,"первый американец","2017-07-26 08:16:52.0"
36181479,1089,"первый американский космонавт","2017-07-26 08:17:25.0"
36181479,1091,"первый американский космонавт","2017-07-26 08:17:28.0"
36181479,1091,"первый американский космонавт","2017-07-26 08:17:28.0","2017-07-26 08:17:34.0",1,https://ru.wikipedia.org/wiki/%D0%9F%D0%B5%D1%80%D0%B2%D1%8B%D0%B9_%D0%BE%D1%82%D1%80%D1%8F%D0%B4_%D0%B0%D1%81%D1%82%D1%80%D0%BE%D0%BD%D0%B0%D0%B2%D1%82%D0%BE%D0%B2_%D0%A1%D0%A8%D0%90,"<b>Первый</b> отряд астронавтов США — Википедия","<b>Первый американский</b> командир экипажа из 3-х человек, совершившего полёт. (Все эти рекорды ..."
42082819,872,"NASA","2017-07-26 06:12:25.0"
42082819,872,"NASA","2017-07-26 06:12:25.0","2017-07-26 06:12:32.0",2,https://en.wikipedia.org/wiki/NASA,"<b>NASA</b> - Wikipedia","The National Aeronautics and Space Administration (<b>NASA</b> / ˈ n æ s ə /) is an independent agency of the executive branch of the United States federal government ..."
43588858,882," past, present, and possible future of interplanetary missions that are planned by the NASA'. ","2017-07-26 06:14:45.0"
43588858,882," past, present, and possible future of interplanetary missions that are planned by the NASA'. ","2017-07-26 06:14:45.0","2017-07-26 06:14:53.0",1,https://www.nasa.gov/missions/,"<b>NASA</b> <b>Missions</b> A-Z | <b>NASA</b>","<b>NASA.gov</b> brings you the latest images, videos and news from America&#39;s space agency. Get the latest updates on <b>NASA missions</b>, watch <b>NASA</b> TV live, and learn about our ..."
43588858,882," past, present, and possible future of interplanetary missions that are planned by the NASA'. ","2017-07-26 06:14:45.0","2017-07-26 06:16:41.0",2,https://jpl.nasa.gov/missions/,"<b>Missions</b> - <b>NASA</b> Jet Propulsion Laboratory (JPL)","... a <b>planned mission</b> to ... <b>NASA</b>&#39;s <b>planned</b> Europa Clipper ... Phoenix was a lander sent to the surface of Mars to search for evidence of <b>past</b> or <b>present</b> ..."
43588858,882," past, present, and possible future of interplanetary missions that are planned by the NASA'. ","2017-07-26 06:14:45.0","2017-07-26 06:20:00.0",6,https://en.wikipedia.org/wiki/Exploration_of_Mars,"<b>Exploration of Mars</b> - <b>Wikipedia</b>","The <b>exploration of Mars</b> is the study ... The rover carries instruments designed to look for <b>past</b> or <b>present</b> conditions relevant ... Other <b>future mission</b> concepts ..."
35743341,934,"past, present, and possible future of interplanetary missions that are planned by the NASA","2017-07-26 06:27:30.0"
35743341,934,"past, present, and possible future of interplanetary missions that are planned by the NASA","2017-07-26 06:27:30.0","2017-07-26 06:27:35.0",1,https://www.nasa.gov/missions/,"<b>NASA</b> <b>Missions</b> A-Z | <b>NASA</b>","<b>NASA.gov</b> brings you the latest images, videos and news from America&#39;s space agency. Get the latest updates on <b>NASA missions</b>, watch <b>NASA</b> TV live, and learn about our ..."
35743341,934,"past, present, and possible future of interplanetary missions that are planned by the NASA","2017-07-26 06:27:30.0","2017-07-26 06:28:33.0",2,https://jpl.nasa.gov/missions/,"<b>Missions</b> - <b>NASA</b> Jet Propulsion Laboratory (JPL)","... a <b>planned mission</b> to ... <b>NASA</b>&#39;s <b>planned</b> Europa Clipper ... Phoenix was a lander sent to the surface of Mars to search for evidence of <b>past</b> or <b>present</b> ..."
35743341,934,"past, present, and possible future of interplanetary missions that are planned by the NASA","2017-07-26 06:27:30.0","2017-07-26 06:29:14.0",3,https://en.wikipedia.org/wiki/List_of_NASA_missions,"<b>List of NASA missions</b> - <b>Wikipedia</b>","This is a <b>list of NASA missions</b>, both manned and unmanned, ... <b>Future</b> On May 7, 2009 the ... <b>Planned missions</b>"
35743341,934,"past, present, and possible future of interplanetary missions that are planned by the NASA","2017-07-26 06:27:30.0","2017-07-26 06:31:18.0",4,https://jpl.nasa.gov/missions/?type=future,"<b>Future</b> <b>NASA</b> <b>Missions</b> - Jet Propulsion Laboratory","<b>missions</b>. current; <b>past</b>; <b>future</b>; proposed; all; galleries. images; ... a <b>planned mission</b> to investigate the profound ... <b>NASA</b>&#39;s <b>planned</b> Europa Clipper would conduct ..."
35743341,934,"past, present, and possible future of interplanetary missions that are planned by the NASA","2017-07-26 06:27:30.0","2017-07-26 06:31:31.0",5,https://mars.nasa.gov/programmissions/,"<b>Program &amp; Missions</b> | Mars Exploration Program","<b>PROGRAM &amp; MISSIONS</b>: ... Each relies on <b>past missions</b> for proven technologies and contributes its own innovations to <b>future missions</b>. This chain allows <b>NASA</b> to push ..."
37166767,928,"nasa","2017-07-26 06:25:35.0"
37166767,931,"lunar module","2017-07-26 06:26:39.0"
37166767,931,"lunar module","2017-07-26 06:26:39.0","2017-07-26 06:26:51.0",3,http://science.howstuffworks.com/apollo-spacecraft6.htm,"The <b>Lunar Module</b> - <b>How the Apollo Spacecraft Worked</b> ...","The <b>Lunar Module</b> - The <b>lunar module</b> was the first manned vehicle outside earth&#39;s atmosphere. Learn how the <b>lunar module</b> touched down on the moon."
37166767,936,"nasa motto","2017-07-26 06:27:35.0"
37166767,941,"lunar module","2017-07-26 06:28:23.0"
37166767,942,"nasa","2017-07-26 06:28:26.0"
37166767,942,"nasa","2017-07-26 06:28:26.0","2017-07-26 06:28:33.0",2,https://en.wikipedia.org/wiki/NASA,"<b>NASA</b> - Wikipedia","The National Aeronautics and Space Administration (<b>NASA</b> / ˈ n æ s ə /) is an independent agency of the executive branch of the United States federal government ..."
37166767,959,"he Apollo Program was the first United States human spaceflight program","2017-07-26 06:31:37.0"
37166767,960,"landing a man on the Moon and returning him safely to the Earth","2017-07-26 06:32:04.0"
37166767,963,"6). The Apollo 8 was the first mission achieved the goal of lunar landing and returning to earth.","2017-07-26 06:32:35.0"
37166767,966,"The Lunar Module was designed to descend from lunar orbit to land two astronauts on the Moon and tak","2017-07-26 06:33:03.0"
37166767,969,"9). NASA's New Horizons spacecraft traveled through the solar system for nearly one decade to be the","2017-07-26 06:33:47.0"
37166767,971,"The Curiosity rover on Mars is in the midst of its ninth drilling campaign since landing on the Red ","2017-07-26 06:34:27.0"
37166767,972,"LADEE stands for Lunar Atmosphere and Dust Environment Explorer.","2017-07-26 06:34:49.0"
37166767,973,"Hubble has made more than 1.3 million observations since its mission began in 1990","2017-07-26 06:35:14.0"
37166767,975,"Project Mercury was NASA's first human spaceflight program specialized in orbital and sub-orbital fl","2017-07-26 06:35:45.0"
37166767,977,"Skylab is the first space station launched into orbit by the United States","2017-07-26 06:36:07.0"
42083792,898,"que significa NASA","2017-07-26 06:18:36.0"
6330572,1021,"NASA past, present and future","2017-07-26 06:57:23.0"
6330572,1022,"nasa","2017-07-26 06:57:25.0"
6330572,1022,"nasa","2017-07-26 06:57:25.0","2017-07-26 06:58:03.0",1,https://www.nasa.gov/,"<b>NASA</b> - Official Site","<b>NASA</b>.gov brings you the latest news, images and videos from America&#39;s space agency, pioneering the future in space exploration, scientific discovery and aeronautics ..."
6330572,1023,"NASA","2017-07-26 06:57:29.0"
6330572,1024,"nasa","2017-07-26 06:57:31.0"
6330572,1025,"NASA past, present and future","2017-07-26 06:57:46.0"
6330572,1026,"interplanetary nasa missions","2017-07-26 06:58:43.0"
6330572,1026,"interplanetary nasa missions","2017-07-26 06:58:43.0","2017-07-26 06:58:51.0",2,https://www.nasa.gov/mission_pages/station/research/news/orion_tests_technology/,"International Space Station Enables <b>Interplanetary</b> ... - <b>NASA</b>","<b>NASA</b>’s Orion spacecraft, set to blast off on its first flight test in December, will demonstrate technologies tested aboard the space station."
36826029,1040,"nasa plans","2017-07-26 07:08:03.0"
36826029,1041,"nasa plans","2017-07-26 07:08:08.0"
36826029,1046,"nasa past missions","2017-07-26 07:09:03.0"
36826029,1046,"nasa past missions","2017-07-26 07:09:03.0","2017-07-26 07:09:10.0",7,https://en.wikipedia.org/wiki/List_of_NASA_missions,"<b>List of NASA missions</b> - <b>Wikipedia</b>","This is a <b>list of NASA missions</b>, both manned and unmanned, since its establishment in 1958."
36826029,1046,"nasa past missions","2017-07-26 07:09:03.0","2017-07-26 07:09:46.0",2,https://science.nasa.gov/missions-page,"<b>NASA</b> <b>Science Missions</b> | Science <b>Mission</b> Directorate","<b>NASA Science Missions</b>; <b>NASA Science Missions</b>; <b>NASA Science Missions</b>. Download <b>Mission</b> Posters. <b>Mission</b> Key. Universe; ... <b>Past</b>. Advanced Earth Observing Satellite ..."
36826029,1049,"future nasa missions","2017-07-26 07:10:21.0"
36826029,1049,"future nasa missions","2017-07-26 07:10:21.0","2017-07-26 07:10:33.0",8,https://mars.nasa.gov/programmissions/missions/future/mars2020/,"<b>2020 Mission Plans</b> | Mars <b>Exploration</b> Program","<b>2020 Mission Plans</b>. 2020 <b>Mission</b> ... The Mars 2020 rover <b>mission</b> is part of <b>NASA</b>&#39;s Mars <b>Exploration</b> Program, ... A <b>future mission</b> could potentially return these ..."
43055814,1054,"ast, present, and possible future of interplanetary missions that are planned by the NASA","2017-07-26 07:20:23.0"
43055814,1054,"ast, present, and possible future of interplanetary missions that are planned by the NASA","2017-07-26 07:20:23.0","2017-07-26 07:20:42.0",4,https://en.wikipedia.org/wiki/Exploration_of_Mars,"<b>Exploration of Mars</b> - <b>Wikipedia</b>","The <b>exploration of Mars</b> is the study of Mars by spacecraft. ... Other <b>future mission</b> concepts include polar ... and a <b>planned</b> joint <b>NASA</b>–ESA Mars sample return ..."
43055814,1054,"ast, present, and possible future of interplanetary missions that are planned by the NASA","2017-07-26 07:20:23.0","2017-07-26 07:20:46.0",1,https://www.nasa.gov/missions/,"<b>NASA</b> <b>Missions</b> A-Z | <b>NASA</b>","<b>NASA.gov</b> brings you the latest images, videos and news from America&#39;s space agency. Get the latest updates on <b>NASA missions</b>, watch <b>NASA</b> TV live, and learn about our ..."
43055814,1054,"ast, present, and possible future of interplanetary missions that are planned by the NASA","2017-07-26 07:20:23.0","2017-07-26 07:21:26.0",5,http://futureplanets.blogspot.com/,"<b>Future Planetary Exploration</b>","The first full summary of stories published on <b>future planetary exploration</b> ... <b>planned</b> for the Europa Clipper <b>mission</b> ... <b>NASA</b> Planetary <b>Missions Future</b>, <b>Present</b>, ..."
43055814,1054,"ast, present, and possible future of interplanetary missions that are planned by the NASA","2017-07-26 07:20:23.0","2017-07-26 07:25:21.0",5,http://futureplanets.blogspot.com/,"<b>Future Planetary Exploration</b>","The first full summary of stories published on <b>future planetary exploration</b> ... <b>planned</b> for the Europa Clipper <b>mission</b> ... <b>NASA</b> Planetary <b>Missions Future</b>, <b>Present</b>, ..."
43055814,1054,"ast, present, and possible future of interplanetary missions that are planned by the NASA","2017-07-26 07:20:23.0","2017-07-26 07:25:21.0",5,http://futureplanets.blogspot.com/,"<b>Future Planetary Exploration</b>","The first full summary of stories published on <b>future planetary exploration</b> ... <b>planned</b> for the Europa Clipper <b>mission</b> ... <b>NASA</b> Planetary <b>Missions Future</b>, <b>Present</b>, ..."
43055814,1063,"what nasa stands for","2017-07-26 07:28:01.0"
43055814,1063,"what nasa stands for","2017-07-26 07:28:01.0","2017-07-26 07:28:06.0",1,http://www.abbreviations.com/NASA,"<b>What does NASA stand for</b>? - Abbreviations.com","Looking for the definition of <b>NASA</b>? Find out what is the full meaning of <b>NASA</b> on Abbreviations.com! &#39;National Aeronautics and Space Administration&#39; is one option ..."
43055814,1064,"first human reached mar","2017-07-26 07:28:54.0"
43055814,1065,"orbit","2017-07-26 07:29:10.0"
43055814,1066,"fisrst human reached orbit","2017-07-26 07:29:23.0"
25411600,861,"nasa","2017-07-26 06:09:27.0"
25411600,861,"nasa","2017-07-26 06:09:27.0","2017-07-26 06:09:36.0",2,https://en.wikipedia.org/wiki/NASA,"<b>NASA</b> - Wikipedia","The National Aeronautics and Space Administration (<b>NASA</b> / ˈ n æ s ə /) is an independent agency of the executive branch of the United States federal government ..."
39422187,874,"past, present, and possible future of interplanetary missions that are planned by the NASA","2017-07-26 06:13:07.0"
39422187,875,"past, present, and possible future of interplanetary missions that are planned by the NASA","2017-07-26 06:13:08.0"
39422187,875,"past, present, and possible future of interplanetary missions that are planned by the NASA","2017-07-26 06:13:08.0","2017-07-26 06:13:20.0",3,https://en.wikipedia.org/wiki/List_of_NASA_missions,"<b>List of NASA missions</b> - <b>Wikipedia</b>","This is a <b>list of NASA missions</b>, both manned and unmanned, ... <b>Future</b> On May 7, 2009 the ... <b>Planned missions</b>"
39422187,875,"past, present, and possible future of interplanetary missions that are planned by the NASA","2017-07-26 06:13:08.0","2017-07-26 06:13:25.0",6,https://en.wikipedia.org/wiki/Exploration_of_Mars,"<b>Exploration of Mars</b> - <b>Wikipedia</b>","The <b>exploration of Mars</b> is the study ... The rover carries instruments designed to look for <b>past</b> or <b>present</b> conditions relevant ... Other <b>future mission</b> concepts ..."
39422187,875,"past, present, and possible future of interplanetary missions that are planned by the NASA","2017-07-26 06:13:08.0","2017-07-26 06:14:02.0",31,https://en.wikipedia.org/wiki/Space_exploration,"<b>Space exploration</b> - Wikipedia","... Japan, and India have also <b>planned future</b> manned space <b>missions</b>. ... further insight into the <b>past</b>, <b>and possible future</b>, ... <b>Space Exploration</b> Network; <b>Nasa</b>&#39;s ..."
39422187,875,"past, present, and possible future of interplanetary missions that are planned by the NASA","2017-07-26 06:13:08.0","2017-07-26 06:15:10.0",3,https://en.wikipedia.org/wiki/List_of_NASA_missions,"<b>List of NASA missions</b> - <b>Wikipedia</b>","This is a <b>list of NASA missions</b>, both manned and unmanned, ... <b>Future</b> On May 7, 2009 the ... <b>Planned missions</b>"
39422187,875,"past, present, and possible future of interplanetary missions that are planned by the NASA","2017-07-26 06:13:08.0","2017-07-26 06:16:00.0",1,https://www.nasa.gov/missions/,"<b>NASA</b> <b>Missions</b> A-Z | <b>NASA</b>","<b>NASA.gov</b> brings you the latest images, videos and news from America&#39;s space agency. Get the latest updates on <b>NASA missions</b>, watch <b>NASA</b> TV live, and learn about our ..."
41125510,1005," past, present, and possible future of interplanetary missions that are planned by the NASA","2017-07-26 06:45:11.0"
41125510,1005," past, present, and possible future of interplanetary missions that are planned by the NASA","2017-07-26 06:45:11.0","2017-07-26 06:45:18.0",1,https://www.nasa.gov/missions/,"<b>NASA</b> <b>Missions</b> A-Z | <b>NASA</b>","<b>NASA.gov</b> brings you the latest images, videos and news from America&#39;s space agency. Get the latest updates on <b>NASA missions</b>, watch <b>NASA</b> TV live, and learn about our ..."
41125510,1008," past, present, and possible future of interplanetary missions that are planned by the NASA","2017-07-26 06:47:04.0"
41125510,1008," past, present, and possible future of interplanetary missions that are planned by the NASA","2017-07-26 06:47:04.0","2017-07-26 06:51:19.0",12,http://futureplanets.blogspot.com/,"<b>Future Planetary Exploration</b>","The first full summary of stories published on <b>future planetary exploration</b> ... The <b>possible</b> start of work on a <b>mission</b> to ... <b>Missions Future</b>, <b>Present</b>, <b>Past</b>; <b>NASA</b> ..."
41125510,1008," past, present, and possible future of interplanetary missions that are planned by the NASA","2017-07-26 06:47:04.0","2017-07-26 06:51:26.0",13,https://mars.jpl.nasa.gov/programmissions/missions/,"<b>Missions</b> | Mars Exploration Program","... 2020 <b>Mission</b> Plans | <b>NASA</b> In ESA&#39;s ... taking as many pictures as <b>possible</b> on their way <b>past</b>. Flyby <b>missions</b> ... Rover | 2020 <b>Mission</b> Plans: In the <b>future</b>, ..."
43125608,979,"NASA tarafından planlanan gezegenler arası görevlerin geçmişi, mevcut ve gelecekteki olasılığı ","2017-07-26 06:38:42.0"
43125608,980,"NASA tarafından planlanan gezegenler arası görevlerin geçmişi, mevcut ve gelecekteki olasılığı ","2017-07-26 06:38:46.0"
43125608,984,"NASA tarafından planlanan gezegenler arası görevlerin geçmişi","2017-07-26 06:39:11.0"
43125608,986,"NASA ","2017-07-26 06:39:21.0"
43125608,986,"NASA ","2017-07-26 06:39:21.0","2017-07-26 06:42:06.0",1,https://www.nasa.gov/,"<b>NASA</b> - Official Site","<b>NASA</b>.gov brings you the latest news, images and videos from America&#39;s space agency, pioneering the future in space exploration, scientific discovery and aeronautics ..."
43125608,986,"NASA ","2017-07-26 06:39:21.0","2017-07-26 06:43:20.0",2,https://en.wikipedia.org/wiki/NASA,"<b>NASA</b> - Wikipedia","The National Aeronautics and Space Administration (<b>NASA</b> / ˈ n æ s ə /) is an independent agency of the executive branch of the United States federal government ..."
35902657,884,"теории past, present, and possible future of interplanetary missions that are planned by the NASA.","2017-07-26 06:15:16.0"
35902657,906,"теории past, present, and possible future of interplanetary missions that are planned by the NASA.","2017-07-26 06:20:35.0"
35902657,906,"теории past, present, and possible future of interplanetary missions that are planned by the NASA.","2017-07-26 06:20:35.0","2017-07-26 06:21:18.0",5,http://futureplanets.blogspot.com/,"<b>Future Planetary Exploration</b>","The first full summary of stories published on <b>future planetary exploration</b> ... The <b>possible</b> start of work on a <b>mission</b> to ... <b>Missions Future</b>, <b>Present</b>, <b>Past</b>; <b>NASA</b> ..."
35902657,906,"теории past, present, and possible future of interplanetary missions that are planned by the NASA.","2017-07-26 06:20:35.0","2017-07-26 06:22:24.0",4,https://en.wikipedia.org/wiki/Exploration_of_Mars,"<b>Exploration of Mars</b> - <b>Wikipedia</b>","The <b>exploration of Mars</b> is the study of Mars by ... Other <b>future mission</b> concepts include polar ... Search for the existence of <b>past</b> or <b>present</b> life on Mars. Mars ..."
43631771,1059,"mercury mission","2017-07-26 07:24:03.0"
43631771,1059,"mercury mission","2017-07-26 07:24:03.0","2017-07-26 07:24:13.0",1,https://en.wikipedia.org/wiki/Project_Mercury,"<b>Project Mercury</b> - <b>Wikipedia</b>","<b>Project Mercury</b> was the first human spaceflight program of the United States, ... The number of personnel supporting a <b>Mercury mission</b> was typically around 18,000, ..."
43631771,1060,"nasa","2017-07-26 07:24:18.0"
43631771,1060,"nasa","2017-07-26 07:24:18.0","2017-07-26 07:24:22.0",2,https://en.wikipedia.org/wiki/NASA,"<b>NASA</b> - Wikipedia","The National Aeronautics and Space Administration (<b>NASA</b> / ˈ n æ s ə /) is an independent agency of the executive branch of the United States federal government ..."
43631771,1060,"nasa","2017-07-26 07:24:18.0","2017-07-26 07:24:30.0",1,https://www.nasa.gov/,"<b>NASA</b> - Official Site","<b>NASA</b>.gov brings you the latest news, images and videos from America&#39;s space agency, pioneering the future in space exploration, scientific discovery and aeronautics ..."
43631771,1061,"apolo mision","2017-07-26 07:24:38.0"
43631771,1061,"apolo mision","2017-07-26 07:24:38.0","2017-07-26 07:24:42.0",2,https://en.wikipedia.org/wiki/Apollo_program,"<b>Apollo program</b> - <b>Wikipedia</b>","<b>Apollo</b> 17 was the last of the <b>Apollo program</b>, ... The <b>Apollo program</b>, or certain <b>missions</b>, have been dramatized in <b>Apollo</b> 13 (1995), <b>Apollo</b> 11 (1996), ..."
43310837,856,"nasa","2017-07-26 06:08:19.0"
43310837,856,"nasa","2017-07-26 06:08:19.0","2017-07-26 06:08:41.0",2,https://en.wikipedia.org/wiki/NASA,"<b>NASA</b> - Wikipedia","The National Aeronautics and Space Administration (<b>NASA</b> / ˈ n æ s ə /) is an independent agency of the executive branch of the United States federal government ..."
41595150,1043,"past, present, and possible future of interplanetary missions that are planned by the NASA","2017-07-26 07:08:20.0"
37741931,1000,"misiones interplanetarias planificadas por la NASA","2017-07-26 06:43:18.0"
37741931,1002,"interplanetary missions that are planned by the NASA","2017-07-26 06:43:41.0"
37741931,1002,"interplanetary missions that are planned by the NASA","2017-07-26 06:43:41.0","2017-07-26 06:43:44.0",1,https://en.wikipedia.org/wiki/Interplanetary_mission,"<b>Interplanetary mission</b> - <b>Wikipedia</b>","A large number of robotic <b>interplanetary missions</b> have been performed <b>by the NASA</b>, ... The Apollo Applications Program <b>planned</b> a three-month <b>interplanetary mission</b> to ..."
37741931,1002,"interplanetary missions that are planned by the NASA","2017-07-26 06:43:41.0","2017-07-26 06:43:54.0",2,https://www.nasa.gov/mission_pages/genesis/media/jpl-release-071702.html,"<b>NASA</b> - <b>Interplanetary Superhighway Makes Space Travel</b> Simpler","<b>Interplanetary Superhighway Makes Space Travel</b> Simpler. ... <b>NASA</b>/JPL. Called the <b>Interplanetary</b> ... The work on the <b>Interplanetary</b> Superhighway for space <b>mission</b> ..."
37741931,1002,"interplanetary missions that are planned by the NASA","2017-07-26 06:43:41.0","2017-07-26 06:43:57.0",5,https://en.wikipedia.org/wiki/List_of_Solar_System_probes,"<b>List of Solar System probes</b> - <b>Wikipedia</b>","<b>List of Solar System probes</b> ... solar sail technology development / <b>interplanetary</b> space exploration: ... <b>planned</b>: Selected for <b>mission</b> #13 of <b>NASA</b>&#39;s Discovery ..."
37741931,1002,"interplanetary missions that are planned by the NASA","2017-07-26 06:43:41.0","2017-07-26 06:44:13.0",12,https://science.nasa.gov/missions-page,"<b>NASA</b> <b>Science Missions</b> | Science <b>Mission</b> Directorate","<b>NASA Science Missions</b>. Download <b>Mission</b> Posters. <b>Mission</b> Key. Universe; Solar ... (ACE) observes particles of solar, <b>interplanetary</b>, interstellar,... View <b>Mission</b> ..."
37741931,1002,"interplanetary missions that are planned by the NASA","2017-07-26 06:43:41.0","2017-07-26 06:44:58.0",12,https://science.nasa.gov/missions-page,"<b>NASA</b> <b>Science Missions</b> | Science <b>Mission</b> Directorate","<b>NASA Science Missions</b>. Download <b>Mission</b> Posters. <b>Mission</b> Key. Universe; Solar ... (ACE) observes particles of solar, <b>interplanetary</b>, interstellar,... View <b>Mission</b> ..."
37741931,1002,"interplanetary missions that are planned by the NASA","2017-07-26 06:43:41.0","2017-07-26 06:45:30.0",12,https://science.nasa.gov/missions-page,"<b>NASA</b> <b>Science Missions</b> | Science <b>Mission</b> Directorate","<b>NASA Science Missions</b>. Download <b>Mission</b> Posters. <b>Mission</b> Key. Universe; Solar ... (ACE) observes particles of solar, <b>interplanetary</b>, interstellar,... View <b>Mission</b> ..."
37741931,1002,"interplanetary missions that are planned by the NASA","2017-07-26 06:43:41.0","2017-07-26 06:46:18.0",12,https://science.nasa.gov/missions-page,"<b>NASA</b> <b>Science Missions</b> | Science <b>Mission</b> Directorate","<b>NASA Science Missions</b>. Download <b>Mission</b> Posters. <b>Mission</b> Key. Universe; Solar ... (ACE) observes particles of solar, <b>interplanetary</b>, interstellar,... View <b>Mission</b> ..."
37741931,1002,"interplanetary missions that are planned by the NASA","2017-07-26 06:43:41.0","2017-07-26 06:46:58.0",12,https://science.nasa.gov/missions-page,"<b>NASA</b> <b>Science Missions</b> | Science <b>Mission</b> Directorate","<b>NASA Science Missions</b>. Download <b>Mission</b> Posters. <b>Mission</b> Key. Universe; Solar ... (ACE) observes particles of solar, <b>interplanetary</b>, interstellar,... View <b>Mission</b> ..."
42395271,866,"conocimiento sobre el pasado, presente y posible futuro de las misiones interplanetarias que están p","2017-07-26 06:10:57.0"
42395271,868,"pasado, presente y futuro de la NASA","2017-07-26 06:11:29.0"
42395271,868,"pasado, presente y futuro de la NASA","2017-07-26 06:11:29.0","2017-07-26 06:11:35.0",2,https://navegantecalifornio.wordpress.com/2014/06/12/la-nasa-pasado-presente-y-futuro-la-luna/,"<b>La</b> <b>Nasa</b> <b>Pasado</b> <b>Presente</b> <b>y</b> <b>Futuro</b> (<b>LA</b> LUNA) | REPLICAS ...","<b>La Nasa</b> en el <b>Pasado</b> Superficie <b>de la</b> Luna sacada del Apollo 15 en 1971 Foto del Apollo 16 por los astronautas John Young <b>y</b> Charles Duke mientras aterrizaban en <b>la</b> ..."
42395271,871,"misiones interplanetarias que están planificadas por la NASA","2017-07-26 06:12:18.0"
42395271,871,"misiones interplanetarias que están planificadas por la NASA","2017-07-26 06:12:18.0","2017-07-26 06:12:33.0",1,https://josevicentediaz.com/tag/misiones-interplanetarias/,"<b>misiones</b> <b>interplanetarias</b> | UNIVERSO Blog","Entradas sobre <b>misiones interplanetarias</b> escritas <b>por</b> ... sobre todo las últimas de 2014 y 2015 <b>que están</b> cambiando <b>la</b> ... <b>La NASA</b> en 1998 lanzó <b>la</b> ..."
42395271,871,"misiones interplanetarias que están planificadas por la NASA","2017-07-26 06:12:18.0","2017-07-26 06:12:42.0",5,http://danielmarin.naukas.com/2017/06/19/la-proxima-gran-mision-de-la-nasa-las-sondas-para-estudiar-urano-y-neptuno/,"<b>La</b> próxima gran misión de <b>la</b> <b>NASA</b>: las sondas para ...","El Congreso de los EE UU ordenó hace dos años a <b>la NASA que</b> ... las <b>misiones</b> a Neptuno y Urano. <b>Por</b> mi <b>que</b> ... <b>están</b> en los presupuestos de <b>la NASA</b>, ..."
43663333,878,"nasa","2017-07-26 06:13:35.0"
43663333,878,"nasa","2017-07-26 06:13:35.0","2017-07-26 06:13:38.0",2,https://en.wikipedia.org/wiki/NASA,"<b>NASA</b> - Wikipedia","The National Aeronautics and Space Administration (<b>NASA</b> / ˈ n æ s ə /) is an independent agency of the executive branch of the United States federal government ..."
43663333,878,"nasa","2017-07-26 06:13:35.0","2017-07-26 06:13:43.0",1,https://www.nasa.gov/,"<b>NASA</b> - Official Site","<b>NASA</b>.gov brings you the latest news, images and videos from America&#39;s space agency, pioneering the future in space exploration, scientific discovery and aeronautics ..."
43663333,880,"voyager","2017-07-26 06:13:49.0"
43663333,880,"voyager","2017-07-26 06:13:49.0","2017-07-26 06:13:53.0",1,https://voyager.jpl.nasa.gov/,"<b>Voyager 1</b> - Official Site","The twin <b>Voyager 1</b> and 2 spacecraft are exploring where nothing from Earth has flown before. Continuing on their more-than-39-year journey since their 1977 launches ..."
43663333,880,"voyager","2017-07-26 06:13:49.0","2017-07-26 06:13:58.0",4,https://en.wikipedia.org/wiki/Voyager_program,"<b>Voyager program</b> - <b>Wikipedia</b>","The <b>Voyager program</b> is a continuing American scientific program that employs two robotic probes, <b>Voyager</b> 1 and <b>Voyager</b> 2, to study the outer Solar System."
43663333,886,"apollo","2017-07-26 06:16:02.0"
43663333,887,"apollo nasa","2017-07-26 06:16:09.0"
43663333,887,"apollo nasa","2017-07-26 06:16:09.0","2017-07-26 06:16:12.0",2,https://en.wikipedia.org/wiki/Apollo_program,"<b>Apollo program</b> - <b>Wikipedia</b>","The contracted batch of 15 Saturn Vs were enough for lunar landing missions through <b>Apollo</b> 20. <b>NASA</b> publicized a ... <b>Apollo</b> 17 was the last of the <b>Apollo program</b>, ..."
43663333,912,"hubble","2017-07-26 06:21:56.0"
43663333,914,"hubble telescope","2017-07-26 06:22:04.0"
43663333,914,"hubble telescope","2017-07-26 06:22:04.0","2017-07-26 06:22:07.0",2,https://en.wikipedia.org/wiki/Hubble_Space_Telescope,"<b>Hubble Space Telescope</b> - <b>Wikipedia</b>","The <b>Hubble Space Telescope</b> (HST) is a space <b>telescope</b> that was launched into low Earth orbit in 1990 and remains in operation. Although not the first space <b>telescope</b> ..."
43663333,924,"skylab","2017-07-26 06:24:31.0"
43663333,924,"skylab","2017-07-26 06:24:31.0","2017-07-26 06:24:33.0",1,https://en.wikipedia.org/wiki/Skylab,"<b>Skylab</b> - <b>Wikipedia</b>","<b>Skylab</b> was the United States&#39; first space station, orbiting Earth from 1973 to 1979, when it fell back to Earth amid huge worldwide media attention."
43663333,924,"skylab","2017-07-26 06:24:31.0","2017-07-26 06:24:35.0",2,https://www.nasa.gov/mission_pages/skylab/,"<b>Skylab</b> - America&#39;s First Space Station | <b>NASA</b>","<b>NASA.gov</b> brings you the latest images, videos and news from America&#39;s space agency. Get the latest updates on <b>NASA</b> missions, watch <b>NASA</b> TV live, and learn about our ..."
43667456,903,"past, present, and possible future of interplanetary missions that are planned by the NASA'. ","2017-07-26 06:20:09.0"
43667456,903,"past, present, and possible future of interplanetary missions that are planned by the NASA'. ","2017-07-26 06:20:09.0","2017-07-26 06:20:51.0",1,https://www.nasa.gov/missions/,"<b>NASA</b> <b>Missions</b> A-Z | <b>NASA</b>","<b>NASA.gov</b> brings you the latest images, videos and news from America&#39;s space agency. Get the latest updates on <b>NASA missions</b>, watch <b>NASA</b> TV live, and learn about our ..."
43667456,903,"past, present, and possible future of interplanetary missions that are planned by the NASA'. ","2017-07-26 06:20:09.0","2017-07-26 06:21:57.0",2,https://jpl.nasa.gov/missions/,"<b>Missions</b> - <b>NASA</b> Jet Propulsion Laboratory (JPL)","... a <b>planned mission</b> to ... <b>NASA</b>&#39;s <b>planned</b> Europa Clipper ... Phoenix was a lander sent to the surface of Mars to search for evidence of <b>past</b> or <b>present</b> ..."
43667456,917,"NASA conducts its work in two principal organizations, called mission directorates: Human Exploratio","2017-07-26 06:23:44.0"
43667456,920,"NASA stands for National Aeronautics and Space Administration.","2017-07-26 06:24:09.0"
43667456,923,"On Feb. 20, 1962, an Atlas rocket successfully carried Sen. John Glenn into orbit as the first human","2017-07-26 06:24:22.0"
43667456,925,"The Apollo Program was the first United States human spaceflight program.","2017-07-26 06:24:56.0"
43667456,927,"One of President John F. Kennedy's national goals was landing a man on the Moon and returning him s","2017-07-26 06:25:34.0"
43667456,930,"The Lunar Module was designed to descend from lunar orbit to land two astronauts on the Moon and tak","2017-07-26 06:26:13.0"
43667456,933,"The Command/Service Module was first designed to land on the moon, but later it changed the role to ","2017-07-26 06:27:08.0"
43667456,935," NASA's New Horizons spacecraft traveled through the solar system for nearly one decade to be the fi","2017-07-26 06:27:31.0"
43667456,944,"The Curiosity rover on Mars is in the midst of its ninth drilling campaign since landing on the Red ","2017-07-26 06:28:34.0"
43667456,946,"LADEE stands for Lunar Atmosphere and Dust Environment Explorer.","2017-07-26 06:28:52.0"
43667456,952,"The NASA's Hubble Space Telescope travels to stars, planets or galaxies.","2017-07-26 06:29:29.0"
43667456,955,"Hubble has made more than 1.3 million observations since its mission began in 1990.","2017-07-26 06:30:28.0"
43667456,956,"The twin Voyager 1 and 2 spacecraft are on their more-than-37-year journey to make the entry into in","2017-07-26 06:30:48.0"
43667456,958,"In August 2012 scientist lost connection to Voyager 1 and have never heard anything of it since toda","2017-07-26 06:31:36.0"
43667456,961,"The astronaut Jeff Williams spent more than 500 days in space.","2017-07-26 06:32:16.0"
43667456,964,"The NASA motto is For tomorrow's future.","2017-07-26 06:32:36.0"
43667456,965,"Project Mercury was NASA's first human spaceflight program specialized in orbital and sub-orbital fl","2017-07-26 06:32:54.0"
43667456,967,"Skylab is the first space station launched into orbit by the United States.","2017-07-26 06:33:14.0"
42517948,1015,"nasa","2017-07-26 06:53:03.0"
42517948,1015,"nasa","2017-07-26 06:53:03.0","2017-07-26 06:53:28.0",2,https://en.wikipedia.org/wiki/NASA,"<b>NASA</b> - Wikipedia","The National Aeronautics and Space Administration (<b>NASA</b> / ˈ n æ s ə /) is an independent agency of the executive branch of the United States federal government ..."
42517948,1018,"nasa 2 operaçoes","2017-07-26 06:55:13.0"
42517948,1020,"nasa 2 organizaçoes","2017-07-26 06:55:27.0"
42517948,1036," LADEE","2017-07-26 07:05:46.0"
42517948,1047,"Para o futuro de amanhã","2017-07-26 07:09:23.0"
42517948,1048,"The NASA motto","2017-07-26 07:09:32.0"
43687043,842,"interplanetary missions that are planned by the NASA","2017-07-26 06:02:53.0"
43509684,1016,"past, present, and possible future of interplanetary missions that are planned by the NASA'. ","2017-07-26 06:53:30.0"
43509684,1016,"past, present, and possible future of interplanetary missions that are planned by the NASA'. ","2017-07-26 06:53:30.0","2017-07-26 06:54:07.0",1,https://www.nasa.gov/missions/,"<b>NASA</b> <b>Missions</b> A-Z | <b>NASA</b>","<b>NASA.gov</b> brings you the latest images, videos and news from America&#39;s space agency. Get the latest updates on <b>NASA missions</b>, watch <b>NASA</b> TV live, and learn about our ..."
43509684,1016,"past, present, and possible future of interplanetary missions that are planned by the NASA'. ","2017-07-26 06:53:30.0","2017-07-26 06:56:53.0",3,https://en.wikipedia.org/wiki/List_of_NASA_missions,"<b>List of NASA missions</b> - <b>Wikipedia</b>","This is a <b>list of NASA missions</b>, both manned and unmanned, ... <b>Future</b> On May 7, 2009 the ... <b>Planned missions</b>"
43509684,1016,"past, present, and possible future of interplanetary missions that are planned by the NASA'. ","2017-07-26 06:53:30.0","2017-07-26 07:05:49.0",23,http://www.huffingtonpost.com/dr-sten-odenwald/the-journey-to-mars-past-_b_8292152.html,"<b>The Journey to Mars: Past</b>, <b>Present</b> and <b>Future</b> | <b>HuffPost</b>","<b>The Journey to Mars: Past</b>, <b>Present</b> and <b>Future</b>. ... and the space environment made <b>possible</b> by these ... a manned Mars <b>mission</b> proposed by <b>NASA</b>&#39;s Wernher ..."
43509684,1016,"past, present, and possible future of interplanetary missions that are planned by the NASA'. ","2017-07-26 06:53:30.0","2017-07-26 07:06:16.0",21,https://planetaryprotection.arc.nasa.gov/missions-past/,"Planetary Protection at <b>NASA</b>","... and <b>NASA</b> is keeping options open for <b>possible</b> reuse of the spacecraft for <b>future</b> ... <b>past</b> eight years. This <b>mission</b> is ... are <b>planned</b>. This <b>mission</b> is ..."
43509684,1016,"past, present, and possible future of interplanetary missions that are planned by the NASA'. ","2017-07-26 06:53:30.0","2017-07-26 07:06:36.0",12,http://futureplanets.blogspot.com/,"<b>Future Planetary Exploration</b>","The first full summary of stories published on <b>future planetary exploration</b> ... The <b>possible</b> start of work on a <b>mission</b> to ... <b>Missions Future</b>, <b>Present</b>, <b>Past</b>; <b>NASA</b> ..."
43509684,1016,"past, present, and possible future of interplanetary missions that are planned by the NASA'. ","2017-07-26 06:53:30.0","2017-07-26 07:07:38.0",3,https://en.wikipedia.org/wiki/List_of_NASA_missions,"<b>List of NASA missions</b> - <b>Wikipedia</b>","This is a <b>list of NASA missions</b>, both manned and unmanned, ... <b>Future</b> On May 7, 2009 the ... <b>Planned missions</b>"
34192482,937,"nasa","2017-07-26 06:27:35.0"
34192482,937,"nasa","2017-07-26 06:27:35.0","2017-07-26 06:27:41.0",2,https://en.wikipedia.org/wiki/NASA,"<b>NASA</b> - Wikipedia","The National Aeronautics and Space Administration (<b>NASA</b> / ˈ n æ s ə /) is an independent agency of the executive branch of the United States federal government ..."
34192482,937,"nasa","2017-07-26 06:27:35.0","2017-07-26 06:27:45.0",2,https://en.wikipedia.org/wiki/NASA,"<b>NASA</b> - Wikipedia","The National Aeronautics and Space Administration (<b>NASA</b> / ˈ n æ s ə /) is an independent agency of the executive branch of the United States federal government ..."
34192482,937,"nasa","2017-07-26 06:27:35.0","2017-07-26 06:27:54.0",1,https://www.nasa.gov/,"<b>NASA</b> - Official Site","<b>NASA</b>.gov brings you the latest news, images and videos from America&#39;s space agency, pioneering the future in space exploration, scientific discovery and aeronautics ..."
34192482,937,"nasa","2017-07-26 06:27:35.0","2017-07-26 06:29:15.0",10,https://science.nasa.gov/,"<b>Science</b> Mission Directorate | <b>Science</b>","<b>NASA</b>&#39;s Van Allen Probes have observed a new population of space sound waves, called plasmaspheric hiss, which are important in removing high-energy particles from ..."
34192482,951,"nasa hubble","2017-07-26 06:29:27.0"
34192482,951,"nasa hubble","2017-07-26 06:29:27.0","2017-07-26 06:31:02.0",1,https://www.nasa.gov/mission_pages/hubble/main/index.html,"<b>Hubble Space Telescope</b> | <b>NASA</b>","Breathtaking photos and science-changing discoveries from 25 years of exploration."
40777535,948,"past, present, and possible future of interplanetary missions that are planned by the NASA","2017-07-26 06:29:07.0"
40777535,948,"past, present, and possible future of interplanetary missions that are planned by the NASA","2017-07-26 06:29:07.0","2017-07-26 06:30:33.0",3,https://en.wikipedia.org/wiki/List_of_NASA_missions,"<b>List of NASA missions</b> - <b>Wikipedia</b>","This is a <b>list of NASA missions</b>, both manned and unmanned, ... <b>Future</b> On May 7, 2009 the ... <b>Planned missions</b>"
40777535,970,"NASA","2017-07-26 06:34:18.0"
40777535,974,"On Feb. 20, 1962, an Atlas rocket successfully carried Sen. John Glenn into orbit as the first human","2017-07-26 06:35:18.0"
40777535,976,"The Apollo Program was the first United States human spaceflight program orbit as the first human","2017-07-26 06:35:59.0"
40777535,976,"The Apollo Program was the first United States human spaceflight program orbit as the first human","2017-07-26 06:35:59.0","2017-07-26 06:36:17.0",1,https://en.wikipedia.org/wiki/Apollo_program,"<b>Apollo program</b> - <b>Wikipedia</b>","<b>Apollo program</b>; Country of origin: <b>United</b> ... was the third <b>United States human spaceflight program</b> carried out ... low Earth <b>orbit</b>. <b>Apollo</b> 8 <b>was the first</b> manned ..."
40777535,981,"The Apollo 8 was the first mission achieved the goal of lunar landing and returning to earth","2017-07-26 06:38:49.0"
40777535,985,"The Lunar Module was designed to descend from lunar orbit to land two astronauts on the Moon andarth","2017-07-26 06:39:15.0"
40777535,989,"The Command/Service Module was first designed to land on the moon, but later it changed the rondarth","2017-07-26 06:39:45.0"
40777535,990,"NASA's New Horizons spacecraft traveled through the solar system for nearly one decaged the rondarth","2017-07-26 06:40:21.0"
40777535,991,"LADEE stands for Lunar Atmosphere and Dust Environment Explorerhe rondarth","2017-07-26 06:40:52.0"
40777535,992,"LADEE ","2017-07-26 06:40:59.0"
40777535,994,"Hubble has made more than 1.3 million observations since its mission began in 1990","2017-07-26 06:41:33.0"
40777535,996,"The astronaut Jeff Williams spent more than 500 days in space","2017-07-26 06:42:02.0"
40777535,998,"The NASA motto is For tomorrow's future","2017-07-26 06:42:31.0"
40777535,999,"Project Mercury was NASA's first human spaceflight program specialized in orbital and sub-orbital fl","2017-07-26 06:43:02.0"
